"","Name","ID","pSize","NDE","pNDE","tA","pPERT","pG","pGFdr","pGFWER","Status","KEGGLINK","Group"
"HFDvsSD.1","ECM-receptor interaction","04512",86,16,2.0540921539209e-09,0.463443854526006,0.345,1.56384952614949e-08,1.86098093611789e-06,1.86098093611789e-06,"Activated","http://www.genome.jp/dbget-bin/show_pathway?mmu04512+12829+12831+12833+12834+12835+12842+12843+13138+81877+22370+20750+21825+16412+16423+15529+20971","HFDvsSD"
"HFDvsSD.2","Circadian rhythm - mammal","04710",22,5,0.000310850861942484,-1.16434733109256,0.027,0.000106491016093635,0.00633621545757129,0.0126724309151426,"Inhibited","http://www.genome.jp/dbget-bin/show_pathway?mmu04710+12953+217166+18627+18628+26965","HFDvsSD"
"HFDvsSD.3","Transcriptional misregulation in cancer","05202",174,16,3.5700225588179e-05,0,1,0.000401283157433101,0.0124748780995052,0.047752695734539,"Inhibited","http://www.genome.jp/dbget-bin/show_pathway?mmu05202+18612+233908+68938+21813+13207+19401+18627+21423+214162+12576+17246+14083+107951+72949+67603+18791","HFDvsSD"
"HFDvsSD.4","Focal adhesion","04510",201,15,0.000610629107909667,2.79653927698545,0.062,0.000423325825632599,0.0124748780995052,0.0503757732502793,"Activated","http://www.genome.jp/dbget-bin/show_pathway?mmu04510+16412+14083+12829+12831+12833+12834+12835+12842+12843+20750+21825+22370+81877+12390+12445","HFDvsSD"
"HFDvsSD.5","Protein processing in endoplasmic reticulum","04141",165,15,7.08315479517268e-05,-0.157960475182651,0.676,0.000524154541996018,0.0124748780995052,0.0623743904975261,"Inhibited","http://www.genome.jp/dbget-bin/show_pathway?mmu04141+26400+57743+103963+13200+14376+20338+64209+56550+105245+18453+71853+26965+22027+12955+81910","HFDvsSD"
"HFDvsSD.6","TGF-beta signaling pathway","04350",85,4,0.218815263570013,-1.87351582491997,0.004,0.00703796395673991,0.133838672667071,0.83751771085205,"Inhibited","http://www.genome.jp/dbget-bin/show_pathway?mmu04350+21825+26965+21813+13179","HFDvsSD"
"HFDvsSD.7","Axon guidance","04360",131,11,0.00123137461385962,0.147955739984298,0.808,0.00787286309806302,0.133838672667071,0.936870708669499,"Activated","http://www.genome.jp/dbget-bin/show_pathway?mmu04360+80883+14083+16412+11350+13641+13845+18208+235611+16653+20347+12568","HFDvsSD"
"HFDvsSD.8","Cell cycle","04110",123,8,0.0233863326191437,-1.34793128591064,0.086,0.0144989412803298,0.215671751544906,1,"Inhibited","http://www.genome.jp/dbget-bin/show_pathway?mmu04110+17222+52563+26965+17246+30939+12576+12445+11350","HFDvsSD"
"HFDvsSD.9","Small cell lung cancer","05222",83,4,0.206959634835762,-1.54417627406556,0.013,0.0186128084958603,0.24610269011193,1,"Inhibited","http://www.genome.jp/dbget-bin/show_pathway?mmu05222+16412+12576+14083+12829","HFDvsSD"
"HFDvsSD.10","HTLV-I infection","05166",276,15,0.0121518715258416,-0.461403536743406,0.519,0.0382579569165257,0.360367898716419,1,"Inhibited","http://www.genome.jp/dbget-bin/show_pathway?mmu05166+20525+16653+21813+17222+52563+30939+18034+216795+14362+14366+14369+12445+13653+21423+60599","HFDvsSD"
"HFDvsSD.11","Prion diseases","05020",35,1,0.633047577909926,-0.41789709958018,0.01,0.0383777490135093,0.360367898716419,1,"Inhibited","http://www.genome.jp/dbget-bin/show_pathway?mmu05020+13653","HFDvsSD"
"HFDvsSD.12","Salivary secretion","04970",77,6,0.0215663975492987,0.330997856843111,0.375,0.0470480243984395,0.360367898716419,1,"Activated","http://www.genome.jp/dbget-bin/show_pathway?mmu04970+11555+20496+14683+18797+381290+13010","HFDvsSD"
"HFDvsSD.13","Adipocytokine signaling pathway","04920",70,6,0.0140416448270557,0.201366062145073,0.63,0.050669146346168,0.360367898716419,1,"Activated","http://www.genome.jp/dbget-bin/show_pathway?mmu04920+12894+78070+72674+20525+16367+384783","HFDvsSD"
"HFDvsSD.14","Systemic lupus erythematosus","05322",142,1,0.983055165965536,0.616381377548258,0.009,0.0506751044324718,0.360367898716419,1,"Activated","http://www.genome.jp/dbget-bin/show_pathway?mmu05322+50908","HFDvsSD"
"HFDvsSD.15","Melanogenesis","04916",100,7,0.0231253409657812,1.18928153976092,0.4,0.0525696071930464,0.360367898716419,1,"Activated","http://www.genome.jp/dbget-bin/show_pathway?mmu04916+14362+14366+14369+18797+14683+216795+16653","HFDvsSD"
"HFDvsSD.16","Malaria","05144",46,5,0.009288504586924,0,1,0.0527492105019154,0.360367898716419,1,"Inhibited","http://www.genome.jp/dbget-bin/show_pathway?mmu05144+15529+20971+12520+71683+21825","HFDvsSD"
"HFDvsSD.17","Chronic myeloid leukemia","05220",73,6,0.0169969090358852,0.346926141659264,0.548,0.0528698996456064,0.360367898716419,1,"Activated","http://www.genome.jp/dbget-bin/show_pathway?mmu05220+11350+21813+12576+17246+14389+16653","HFDvsSD"
"HFDvsSD.18","Aldosterone-regulated sodium reabsorption","04960",40,4,0.0257083044527751,0.384057129947894,0.376,0.0545094300579457,0.360367898716419,1,"Activated","http://www.genome.jp/dbget-bin/show_pathway?mmu04960+110784+16653+16367+65962","HFDvsSD"
"HFDvsSD.19","Amoebiasis","05146",115,8,0.0162810496734525,-0.145648408363183,0.659,0.0593838821963289,0.37193063059806,1,"Inhibited","http://www.genome.jp/dbget-bin/show_pathway?mmu05146+14683+18797+12829+12831+12842+12843+14083+20719","HFDvsSD"
"HFDvsSD.20","Sulfur relay system","04122",10,2,0.0307787421621014,-0.169998304409204,0.477,0.0766543957033892,0.456093654435166,1,"Inhibited","http://www.genome.jp/dbget-bin/show_pathway?mmu04122+72026+17434","HFDvsSD"
"HFDvsSD.21","Legionellosis","05134",56,5,0.020603859181976,-0.107534775632381,0.762,0.0809198691626817,0.458545925255196,1,"Inhibited","http://www.genome.jp/dbget-bin/show_pathway?mmu05134+19324+12747+20333+18034+13627","HFDvsSD"
"HFDvsSD.22","Staphylococcus aureus infection","05150",51,1,0.768083283970397,1.07866741070945,0.024,0.0920512525363216,0.497913593264649,1,"Activated","http://www.genome.jp/dbget-bin/show_pathway?mmu05150+50908","HFDvsSD"
"HFDvsSD.23","Pertussis","05133",73,4,0.150961627311264,-0.487975266514531,0.153,0.110128195514668,0.508345257998968,1,"Inhibited","http://www.genome.jp/dbget-bin/show_pathway?mmu05133+16412+54131+50908+12258","HFDvsSD"
"HFDvsSD.24","Lysosome","04142",123,8,0.0233863326191437,0,1,0.111216125334397,0.508345257998968,1,"Inhibited","http://www.genome.jp/dbget-bin/show_pathway?mmu04142+11972+54411+13030+12492+12512+17775+53599+94178","HFDvsSD"
"HFDvsSD.25","mTOR signaling pathway","04150",65,2,0.551052824249477,0.336942607196882,0.043,0.112374345412786,0.508345257998968,1,"Activated","http://www.genome.jp/dbget-bin/show_pathway?mmu04150+78757+16367","HFDvsSD"
"HFDvsSD.26","Basal cell carcinoma","05217",55,4,0.0693139504123526,0.646458889735877,0.344,0.112930489285663,0.508345257998968,1,"Activated","http://www.genome.jp/dbget-bin/show_pathway?mmu05217+216795+14362+14366+14369","HFDvsSD"
"HFDvsSD.27","Measles","05162",136,3,0.74214915008574,-0.594055413748056,0.033,0.115338840050186,0.508345257998968,1,"Inhibited","http://www.genome.jp/dbget-bin/show_pathway?mmu05162+54131+12445+12576","HFDvsSD"
"HFDvsSD.28","PPAR signaling pathway","03320",81,6,0.0269007402508695,0,1,0.12416309635719,0.525153691006936,1,"Inhibited","http://www.genome.jp/dbget-bin/show_pathway?mmu03320+26569+12894+78070+20411+104086+22190","HFDvsSD"
"HFDvsSD.29","Viral carcinogenesis","05203",220,10,0.0947855932296792,-0.103422872525833,0.295,0.127978630581522,0.525153691006936,1,"Inhibited","http://www.genome.jp/dbget-bin/show_pathway?mmu05203+54131+107932+18034+12445+17246+16653+11972+12576+227753+13205","HFDvsSD"
"HFDvsSD.30","Antigen processing and presentation","04612",74,1,0.880159526163096,0.366692477197876,0.038,0.14708980141316,0.583456212272203,1,"Activated","http://www.genome.jp/dbget-bin/show_pathway?mmu04612+13030","HFDvsSD"
"HFDvsSD.31","Wnt signaling pathway","04310",154,8,0.070798145914712,-0.395905495281853,0.506,0.155086551760273,0.595332247079759,1,"Inhibited","http://www.genome.jp/dbget-bin/show_pathway?mmu04310+18797+14362+14366+14369+12445+26965+54612+216795","HFDvsSD"
"HFDvsSD.32","Insulin signaling pathway","04910",139,6,0.199826864318621,1.40388254459385,0.237,0.191803773263837,0.713270281824893,1,"Activated","http://www.genome.jp/dbget-bin/show_pathway?mmu04910+110078+16653+20411+104215+16367+384783","HFDvsSD"
"HFDvsSD.33","Neurotrophin signaling pathway","04722",122,7,0.0576859569642255,0.0938687614959512,0.886,0.203098925638145,0.732387034876948,1,"Activated","http://www.genome.jp/dbget-bin/show_pathway?mmu04722+16653+327826+77480+16367+11350+26400+94275","HFDvsSD"
"HFDvsSD.34","Hedgehog signaling pathway","04340",54,2,0.452736756914299,-0.690123916065148,0.121,0.213888014780912,0.73400263478969,1,"Inhibited","http://www.genome.jp/dbget-bin/show_pathway?mmu04340+216795+14451","HFDvsSD"
"HFDvsSD.35","Bile secretion","04976",71,4,0.140543103814406,0.138813177454353,0.396,0.216419306422958,0.73400263478969,1,"Activated","http://www.genome.jp/dbget-bin/show_pathway?mmu04976+14683+20525+26357+320024","HFDvsSD"
"HFDvsSD.36","Complement and coagulation cascades","04610",76,5,0.0635243796428071,0.118583349929149,0.907,0.222051217247301,0.73400263478969,1,"Activated","http://www.genome.jp/dbget-bin/show_pathway?mmu04610+21824+385643+18791+12258+50908","HFDvsSD"
"HFDvsSD.37","ErbB signaling pathway","04012",87,5,0.0995419136327271,-0.357769532685725,0.633,0.237198826834369,0.754400986364024,1,"Inhibited","http://www.genome.jp/dbget-bin/show_pathway?mmu04012+12576+26400+14083+11350+16653","HFDvsSD"
"HFDvsSD.38","Dilated cardiomyopathy","05414",89,4,0.24303823380886,0.138813177454353,0.274,0.247002393565504,0.754400986364024,1,"Activated","http://www.genome.jp/dbget-bin/show_pathway?mmu05414+16412+13138+22003+14683","HFDvsSD"
"HFDvsSD.39","Endocrine and other factor-regulated calcium reabsorption","04961",56,3,0.209759634380795,-0.325465911286805,0.325,0.25126267712099,0.754400986364024,1,"Inhibited","http://www.genome.jp/dbget-bin/show_pathway?mmu04961+11773+18797+14683","HFDvsSD"
"HFDvsSD.40","SNARE interactions in vesicular transport","04130",35,3,0.0752034930060227,0.0299831460370976,0.918,0.253580163483705,0.754400986364024,1,"Activated","http://www.genome.jp/dbget-bin/show_pathway?mmu04130+20333+56494+22320","HFDvsSD"
"HFDvsSD.41","RIG-I-like receptor signaling pathway","04622",69,3,0.308667237957322,0.483057987440676,0.233,0.261226483495437,0.758193939901391,1,"Activated","http://www.genome.jp/dbget-bin/show_pathway?mmu04622+54131+73174+13205","HFDvsSD"
"HFDvsSD.42","Bladder cancer","05219",42,3,0.114561116090733,0.128021917206526,0.787,0.307099267531456,0.850020846008624,1,"Activated","http://www.genome.jp/dbget-bin/show_pathway?mmu05219+21825+17246+16653","HFDvsSD"
"HFDvsSD.43","Pancreatic secretion","04972",105,4,0.344201701018408,0.138813177454353,0.262,0.307150389734209,0.850020846008624,1,"Activated","http://www.genome.jp/dbget-bin/show_pathway?mmu04972+20496+18797+381290+14683","HFDvsSD"
"HFDvsSD.44","Type II diabetes mellitus","04930",50,2,0.414041570202199,0.406032442142923,0.232,0.321102147128753,0.868435352461856,1,"Activated","http://www.genome.jp/dbget-bin/show_pathway?mmu04930+16367+384783","HFDvsSD"
"HFDvsSD.45","Oocyte meiosis","04114",111,4,0.382745305163676,-0.601336722554868,0.267,0.335284198007279,0.88664043473036,1,"Inhibited","http://www.genome.jp/dbget-bin/show_pathway?mmu04114+17222+52563+30939+26965","HFDvsSD"
"HFDvsSD.46","p53 signaling pathway","04115",67,4,0.120625088983729,0,1,0.375755352475004,0.961244822118786,1,"Inhibited","http://www.genome.jp/dbget-bin/show_pathway?mmu04115+21825+17246+12445+64058","HFDvsSD"
"HFDvsSD.47","Serotonergic synapse","04726",137,4,0.542856017456611,0.42680650710997,0.23,0.384632509425509,0.961244822118786,1,"Activated","http://www.genome.jp/dbget-bin/show_pathway?mmu04726+14683+18797+14693+16653","HFDvsSD"
"HFDvsSD.48","Dorso-ventral axis formation","04320",22,2,0.126839846064334,0,1,0.388742570859038,0.961244822118786,1,"Inhibited","http://www.genome.jp/dbget-bin/show_pathway?mmu04320+18129+16653","HFDvsSD"
"HFDvsSD.49","Glutamatergic synapse","04724",125,6,0.142520208043412,-0.0341317518087361,0.939,0.402979791913437,0.961244822118786,1,"Inhibited","http://www.genome.jp/dbget-bin/show_pathway?mmu04724+67760+14683+18797+14693+14645+26558","HFDvsSD"
"HFDvsSD.50","Thyroid cancer","05216",29,1,0.564187494377618,0.331199839701087,0.238,0.403884379041507,0.961244822118786,1,"Activated","http://www.genome.jp/dbget-bin/show_pathway?mmu05216+16653","HFDvsSD"
"HFDvsSD.51","Notch signaling pathway","04330",49,2,0.404153535831,0.451689873795755,0.343,0.412544953946306,0.96260489254138,1,"Activated","http://www.genome.jp/dbget-bin/show_pathway?mmu04330+59287+18129","HFDvsSD"
"HFDvsSD.52","Regulation of autophagy","04140",35,1,0.633047577909926,0.26470240525604,0.227,0.422485442121599,0.963350503310486,1,"Activated","http://www.genome.jp/dbget-bin/show_pathway?mmu04140+57436","HFDvsSD"
"HFDvsSD.53","Alzheimer's disease","05010",171,7,0.209579777990439,-0.172561998896864,0.719,0.435871376629678,0.963350503310486,1,"Inhibited","http://www.genome.jp/dbget-bin/show_pathway?mmu05010+59287+67130+67184+68349+18797+12568+17762","HFDvsSD"
"HFDvsSD.54","MAPK signaling pathway","04010",267,9,0.341238000553855,-0.311705220430794,0.453,0.443189107144474,0.963350503310486,1,"Inhibited","http://www.genome.jp/dbget-bin/show_pathway?mmu04010+67603+26921+17762+18034+16653+19042+21813+26400+26410","HFDvsSD"
"HFDvsSD.55","Leukocyte transendothelial migration","04670",119,4,0.433661905885295,-0.553789747543133,0.359,0.445246030941821,0.963350503310486,1,"Inhibited","http://www.genome.jp/dbget-bin/show_pathway?mmu04670+12737+12562+16412+14083","HFDvsSD"
"HFDvsSD.56","T cell receptor signaling pathway","04660",109,3,0.597445210666948,0.625963675927549,0.273,0.458868808132484,0.97222254790344,1,"Activated","http://www.genome.jp/dbget-bin/show_pathway?mmu04660+26410+16653+26400","HFDvsSD"
"HFDvsSD.57","Tight junction","04530",135,4,0.531230181372585,0.20765077941717,0.331,0.481476825568586,0.97222254790344,1,"Activated","http://www.genome.jp/dbget-bin/show_pathway?mmu04530+12737+93742+192195+16653","HFDvsSD"
"HFDvsSD.58","GABAergic synapse","04727",88,4,0.236924131494904,-0.0468678644056551,0.758,0.487957592479229,0.97222254790344,1,"Inhibited","http://www.genome.jp/dbget-bin/show_pathway?mmu04727+14693+14645+57436+67760","HFDvsSD"
"HFDvsSD.59","Bacterial invasion of epithelial cells","05100",70,3,0.316423429917847,-0.332634550269081,0.574,0.491446446214799,0.97222254790344,1,"Inhibited","http://www.genome.jp/dbget-bin/show_pathway?mmu05100+16412+14083+12390","HFDvsSD"
"HFDvsSD.60","Viral myocarditis","05416",84,2,0.689907790364684,0.258969936710007,0.27,0.499316123517893,0.97222254790344,1,"Activated","http://www.genome.jp/dbget-bin/show_pathway?mmu05416+13138+11350","HFDvsSD"
"HFDvsSD.61","Long-term depression","04730",71,3,0.32418285606947,0.268163064835941,0.585,0.504952314511826,0.97222254790344,1,"Activated","http://www.genome.jp/dbget-bin/show_pathway?mmu04730+18797+14683+16653","HFDvsSD"
"HFDvsSD.62","Alcoholism","05034",193,3,0.912296822902262,0.716817384903613,0.22,0.52302147855328,0.97222254790344,1,"Activated","http://www.genome.jp/dbget-bin/show_pathway?mmu05034+14683+14693+16653","HFDvsSD"
"HFDvsSD.63","Gap junction","04540",87,4,0.230847447645639,-0.0705649393198624,0.892,0.531322248517702,0.97222254790344,1,"Inhibited","http://www.genome.jp/dbget-bin/show_pathway?mmu04540+14609+16653+14683+18797","HFDvsSD"
"HFDvsSD.64","Chemokine signaling pathway","04062",184,5,0.596178481916117,-0.57764414620257,0.353,0.538439401743672,0.97222254790344,1,"Inhibited","http://www.genome.jp/dbget-bin/show_pathway?mmu04062+14083+18797+14693+93742+16653","HFDvsSD"
"HFDvsSD.65","Glioma","05214",65,2,0.551052824249477,-0.335574596787514,0.387,0.542794613689549,0.97222254790344,1,"Inhibited","http://www.genome.jp/dbget-bin/show_pathway?mmu05214+17246+16653","HFDvsSD"
"HFDvsSD.66","GnRH signaling pathway","04912",99,4,0.30575810887884,0.275528833989353,0.714,0.550544680260979,0.97222254790344,1,"Activated","http://www.genome.jp/dbget-bin/show_pathway?mmu04912+18797+14683+16653+26400","HFDvsSD"
"HFDvsSD.67","Endometrial cancer","05213",52,1,0.774642434386105,0.441599786268116,0.285,0.554277307179381,0.97222254790344,1,"Activated","http://www.genome.jp/dbget-bin/show_pathway?mmu05213+16653","HFDvsSD"
"HFDvsSD.68","Toll-like receptor signaling pathway","04620",100,4,0.312141502668867,0.23420043775088,0.71,0.555555741659109,0.97222254790344,1,"Activated","http://www.genome.jp/dbget-bin/show_pathway?mmu04620+26410+20750+54131+26400","HFDvsSD"
"HFDvsSD.69","Melanoma","05218",71,2,0.599195948072552,-0.523631243559013,0.384,0.56815955421927,0.977508911688249,1,"Inhibited","http://www.genome.jp/dbget-bin/show_pathway?mmu05218+17246+16653","HFDvsSD"
"HFDvsSD.70","B cell receptor signaling pathway","04662",76,2,0.636267732556896,0.441599786268116,0.369,0.575005242169558,0.977508911688249,1,"Activated","http://www.genome.jp/dbget-bin/show_pathway?mmu04662+12520+16653","HFDvsSD"
"HFDvsSD.71","Vasopressin-regulated water reabsorption","04962",43,2,0.343304644833959,0.0684062836252494,0.833,0.643970264010627,0.991111669646044,1,"Activated","http://www.genome.jp/dbget-bin/show_pathway?mmu04962+14683+13427","HFDvsSD"
"HFDvsSD.72","Cytokine-cytokine receptor interaction","04060",250,3,0.973677813056134,-0.242403058045603,0.297,0.647970212478131,0.991111669646044,1,"Inhibited","http://www.genome.jp/dbget-bin/show_pathway?mmu04060+16880+21813+12778","HFDvsSD"
"HFDvsSD.73","Gastric acid secretion","04971",74,3,0.347448756120703,0.033209577263864,0.863,0.661009131995577,0.991111669646044,1,"Activated","http://www.genome.jp/dbget-bin/show_pathway?mmu04971+18797+14683+16518","HFDvsSD"
"HFDvsSD.74","Cholinergic synapse","04725",112,4,0.389152441245448,-0.134995190991299,0.776,0.66357193507884,0.991111669646044,1,"Inhibited","http://www.genome.jp/dbget-bin/show_pathway?mmu04725+18797+14693+16518+16653","HFDvsSD"
"HFDvsSD.75","Dopaminergic synapse","04728",132,3,0.723676477837548,0.154884309316102,0.427,0.671905501554319,0.991111669646044,1,"Activated","http://www.genome.jp/dbget-bin/show_pathway?mmu04728+14683+18797+14693","HFDvsSD"
"HFDvsSD.76","Parkinson's disease","05012",131,5,0.310970387111221,0,1,0.674201707926147,0.991111669646044,1,"Inhibited","http://www.genome.jp/dbget-bin/show_pathway?mmu05012+22201+68943+67130+67184+68349","HFDvsSD"
"HFDvsSD.77","Herpes simplex infection","05168",196,6,0.477924733527815,-0.20682723118195,0.657,0.677721763572671,0.991111669646044,1,"Inhibited","http://www.genome.jp/dbget-bin/show_pathway?mmu05168+54131+26965+18627+18628+20384+57317","HFDvsSD"
"HFDvsSD.78","Morphine addiction","05032",91,2,0.731345672842308,0.141738039820776,0.431,0.679125032695806,0.991111669646044,1,"Activated","http://www.genome.jp/dbget-bin/show_pathway?mmu05032+14693+14683","HFDvsSD"
"HFDvsSD.79","Fc gamma R-mediated phagocytosis","04666",89,2,0.720011154008087,-0.281692003417648,0.442,0.682614362028668,0.991111669646044,1,"Inhibited","http://www.genome.jp/dbget-bin/show_pathway?mmu04666+227753+14389","HFDvsSD"
"HFDvsSD.80","Regulation of actin cytoskeleton","04810",215,6,0.568161443538217,0.42237529129127,0.582,0.696600746247596,0.991111669646044,1,"Activated","http://www.genome.jp/dbget-bin/show_pathway?mmu04810+19241+227753+19684+14083+16412+16653","HFDvsSD"
"HFDvsSD.81","Acute myeloid leukemia","05221",57,2,0.480781602442882,0.0821657960553097,0.72,0.713388205335625,0.991111669646044,1,"Activated","http://www.genome.jp/dbget-bin/show_pathway?mmu05221+19401+16653","HFDvsSD"
"HFDvsSD.82","Arrhythmogenic right ventricular cardiomyopathy (ARVC)","05412",74,3,0.347448756120703,0,1,0.714750070279158,0.991111669646044,1,"Inhibited","http://www.genome.jp/dbget-bin/show_pathway?mmu05412+13138+16412+14609","HFDvsSD"
"HFDvsSD.83","Fc epsilon RI signaling pathway","04664",79,3,0.386006828533424,0.066737296192656,0.921,0.723181485094586,0.991111669646044,1,"Activated","http://www.genome.jp/dbget-bin/show_pathway?mmu04664+26400+14389+16653","HFDvsSD"
"HFDvsSD.84","Long-term potentiation","04720",69,2,0.583591224110704,0.296208380548777,0.621,0.730248732175595,0.991111669646044,1,"Activated","http://www.genome.jp/dbget-bin/show_pathway?mmu04720+16653+18797","HFDvsSD"
"HFDvsSD.85","Mineral absorption","04978",45,2,0.363848899150426,0,1,0.731706179631644,0.991111669646044,1,"Inhibited","http://www.genome.jp/dbget-bin/show_pathway?mmu04978+14319+74051","HFDvsSD"
"HFDvsSD.86","Cocaine addiction","05030",49,2,0.404153535831,-0.0432984541601469,0.928,0.742864402726867,0.991111669646044,1,"Inhibited","http://www.genome.jp/dbget-bin/show_pathway?mmu05030+14683+12568","HFDvsSD"
"HFDvsSD.87","Colorectal cancer","05210",64,2,0.542643273992212,0.0778202996154262,0.693,0.743841121541535,0.991111669646044,1,"Activated","http://www.genome.jp/dbget-bin/show_pathway?mmu05210+16653+21813","HFDvsSD"
"HFDvsSD.88","Epstein-Barr virus infection","05169",203,5,0.681638287973449,0.184920577345206,0.553,0.744714596996471,0.991111669646044,1,"Activated","http://www.genome.jp/dbget-bin/show_pathway?mmu05169+12576+18034+26400+54131+17246","HFDvsSD"
"HFDvsSD.89","Huntington's disease","05016",179,6,0.393017041530141,0,1,0.760056562669118,0.991111669646044,1,"Inhibited","http://www.genome.jp/dbget-bin/show_pathway?mmu05016+67130+67184+68349+18797+11773+21817","HFDvsSD"
"HFDvsSD.90","VEGF signaling pathway","04370",76,2,0.636267732556896,0.172207975822142,0.618,0.760239948062394,0.991111669646044,1,"Activated","http://www.genome.jp/dbget-bin/show_pathway?mmu04370+14083+16653","HFDvsSD"
"HFDvsSD.91","Retrograde endocannabinoid signaling","04723",102,3,0.552315311638258,0.00608371842438091,0.724,0.766402915281926,0.991111669646044,1,"Activated","http://www.genome.jp/dbget-bin/show_pathway?mmu04723+18797+14693+23945","HFDvsSD"
"HFDvsSD.92","Progesterone-mediated oocyte maturation","04914",86,3,0.438983855960266,0.0230642114359569,0.926,0.772418799166173,0.991111669646044,1,"Activated","http://www.genome.jp/dbget-bin/show_pathway?mmu04914+16653+17222+52563","HFDvsSD"
"HFDvsSD.93","Rheumatoid arthritis","05323",82,3,0.408892473154886,0,1,0.774566262832622,0.991111669646044,1,"Inhibited","http://www.genome.jp/dbget-bin/show_pathway?mmu05323+11972+11974+54411","HFDvsSD"
"HFDvsSD.94","Osteoclast differentiation","04380",121,4,0.4462263838463,-0.0181323670465836,0.967,0.794171239605035,0.99999557492849,1,"Inhibited","http://www.genome.jp/dbget-bin/show_pathway?mmu04380+14389+21813+18034+26400","HFDvsSD"
"HFDvsSD.95","Pancreatic cancer","05212",70,2,0.591449100410494,0.10826765104953,0.74,0.799314306907165,0.99999557492849,1,"Activated","http://www.genome.jp/dbget-bin/show_pathway?mmu05212+16653+21813","HFDvsSD"
"HFDvsSD.96","NOD-like receptor signaling pathway","04621",55,2,0.462182050124203,0,1,0.818892500702487,0.99999557492849,1,"Inhibited","http://www.genome.jp/dbget-bin/show_pathway?mmu04621+22051+22027","HFDvsSD"
"HFDvsSD.97","Chagas disease (American trypanosomiasis)","05142",100,3,0.538882608157473,0.0736613898314165,0.861,0.820275066422176,0.99999557492849,1,"Activated","http://www.genome.jp/dbget-bin/show_pathway?mmu05142+21813+18797+14683","HFDvsSD"
"HFDvsSD.98","Amphetamine addiction","05031",69,1,0.861655273439269,0.138813177454353,0.586,0.849966573798244,0.99999557492849,1,"Activated","http://www.genome.jp/dbget-bin/show_pathway?mmu05031+14683","HFDvsSD"
"HFDvsSD.99","Hepatitis C","05160",134,4,0.525363030072757,0.0136237784052644,0.969,0.852783238272896,0.99999557492849,1,"Activated","http://www.genome.jp/dbget-bin/show_pathway?mmu05160+54131+12520+12737+16653","HFDvsSD"
"HFDvsSD.100","Calcium signaling pathway","04020",184,4,0.766119923920115,0.159318355308208,0.684,0.862658943879867,0.99999557492849,1,"Activated","http://www.genome.jp/dbget-bin/show_pathway?mmu04020+18797+11555+14683+381290","HFDvsSD"
"HFDvsSD.101","Non-small cell lung cancer","05223",54,1,0.787210331632352,0.220799893134058,0.672,0.865853064255698,0.99999557492849,1,"Activated","http://www.genome.jp/dbget-bin/show_pathway?mmu05223+16653","HFDvsSD"
"HFDvsSD.102","Influenza A","05164",164,4,0.683479916533187,0.0974370392170805,0.781,0.868883059904747,0.99999557492849,1,"Activated","http://www.genome.jp/dbget-bin/show_pathway?mmu05164+54131+26400+54196+15463","HFDvsSD"
"HFDvsSD.103","Taste transduction","04742",60,1,0.820868714871121,-0.214987532510602,0.657,0.872315366256058,0.99999557492849,1,"Inhibited","http://www.genome.jp/dbget-bin/show_pathway?mmu04742+14683","HFDvsSD"
"HFDvsSD.104","Tuberculosis","05152",178,2,0.962725000862123,-0.259273921470426,0.586,0.887093186138178,0.99999557492849,1,"Inhibited","http://www.genome.jp/dbget-bin/show_pathway?mmu05152+11972+54411","HFDvsSD"
"HFDvsSD.105","Renal cell carcinoma","05211",71,2,0.599195948072552,0,1,0.906084104941812,0.99999557492849,1,"Inhibited","http://www.genome.jp/dbget-bin/show_pathway?mmu05211+20525+16653","HFDvsSD"
"HFDvsSD.106","African trypanosomiasis","05143",32,1,0.600094483367253,0,1,0.906543631345742,0.99999557492849,1,"Inhibited","http://www.genome.jp/dbget-bin/show_pathway?mmu05143+18797","HFDvsSD"
"HFDvsSD.107","RNA degradation","03018",73,2,0.614356644533439,0,1,0.913658708916236,0.99999557492849,1,"Inhibited","http://www.genome.jp/dbget-bin/show_pathway?mmu03018+13807+22057","HFDvsSD"
"HFDvsSD.108","NF-kappa B signaling pathway","04064",94,1,0.932544393905576,0.123446753292795,0.783,0.9597961802973,0.99999557492849,1,"Activated","http://www.genome.jp/dbget-bin/show_pathway?mmu04064+18034","HFDvsSD"
"HFDvsSD.109","Natural killer cell mediated cytotoxicity","04650",121,1,0.968975940953691,0.145880157792017,0.759,0.961434565225712,0.99999557492849,1,"Activated","http://www.genome.jp/dbget-bin/show_pathway?mmu04650+16653","HFDvsSD"
"HFDvsSD.110","Vascular smooth muscle contraction","04270",124,2,0.868479097032269,-0.0737145995263135,0.868,0.966856399203915,0.99999557492849,1,"Inhibited","http://www.genome.jp/dbget-bin/show_pathway?mmu04270+18797+14683","HFDvsSD"
"HFDvsSD.111","Type I diabetes mellitus","04940",55,1,0.793229373882503,0,1,0.976975287463069,0.99999557492849,1,"Inhibited","http://www.genome.jp/dbget-bin/show_pathway?mmu04940+12876","HFDvsSD"
"HFDvsSD.112","Jak-STAT signaling pathway","04630",156,3,0.820134540288996,0,1,0.982756458363549,0.99999557492849,1,"Inhibited","http://www.genome.jp/dbget-bin/show_pathway?mmu04630+114715+12445+16880","HFDvsSD"
"HFDvsSD.113","Cytosolic DNA-sensing pathway","04623",60,1,0.820868714871121,0,1,0.982901707035712,0.99999557492849,1,"Inhibited","http://www.genome.jp/dbget-bin/show_pathway?mmu04623+54131","HFDvsSD"
"HFDvsSD.114","Leishmaniasis","05140",65,1,0.844818781615253,0,1,0.987283220633682,0.99999557492849,1,"Inhibited","http://www.genome.jp/dbget-bin/show_pathway?mmu05140+16412","HFDvsSD"
"HFDvsSD.115","Salmonella infection","05132",77,1,0.890053626400685,-0.0608021646147765,0.978,0.991223664217153,0.99999557492849,1,"Inhibited","http://www.genome.jp/dbget-bin/show_pathway?mmu05132+13427","HFDvsSD"
"HFDvsSD.116","Phosphatidylinositol signaling system","04070",81,1,0.901988790111987,0,1,0.995031808279387,0.99999557492849,1,"Inhibited","http://www.genome.jp/dbget-bin/show_pathway?mmu04070+18797","HFDvsSD"
"HFDvsSD.117","RNA transport","03013",164,2,0.947884977639936,0,1,0.998617787075731,0.99999557492849,1,"Inhibited","http://www.genome.jp/dbget-bin/show_pathway?mmu03013+19386+13627","HFDvsSD"
"HFDvsSD.118","Toxoplasmosis","05145",128,1,0.974638541830567,0,1,0.999675644446844,0.99999557492849,1,"Inhibited","http://www.genome.jp/dbget-bin/show_pathway?mmu05145+16412","HFDvsSD"
"HFDvsSD.119","Neuroactive ligand-receptor interaction","04080",279,2,0.997026556395858,0,1,0.99999557492849,0.99999557492849,1,"Inhibited","http://www.genome.jp/dbget-bin/show_pathway?mmu04080+93742+11555","HFDvsSD"
"EXvsHFD.1","Circadian rhythm - mammal","04710",22,2,0.0685629307305672,1.53467432326245,5e-06,5.44597960899796e-06,0.000642625593861759,0.000642625593861759,"Activated","http://www.genome.jp/dbget-bin/show_pathway?mmu04710+18627+18628","EXvsHFD"
"EXvsHFD.2","Focal adhesion","04510",201,16,2.44079257976659e-06,0.271730062546709,0.824,2.83918375655662e-05,0.0016751184163684,0.00335023683273681,"Activated","http://www.genome.jp/dbget-bin/show_pathway?mmu04510+286940+67268+98932+16202+18708+232906+11848+12829+12842+16780+20750+21825+21826+81877+12389+18595","EXvsHFD"
"EXvsHFD.3","ECM-receptor interaction","04512",86,9,4.79530221328883e-05,0.0672730214368142,0.833,0.000444506899011161,0.0174839380277723,0.052451814083317,"Activated","http://www.genome.jp/dbget-bin/show_pathway?mmu04512+16780+12829+12842+13138+81877+20750+21825+21826+15529","EXvsHFD"
"EXvsHFD.4","Leukocyte transendothelial migration","04670",119,10,0.000120779108296059,-0.394465206755691,0.681,0.000855878091730308,0.0252484037060441,0.100993614824176,"Inhibited","http://www.genome.jp/dbget-bin/show_pathway?mmu04670+12737+75677+20469+16456+18708+67268+98932+11848+232906+12385","EXvsHFD"
"EXvsHFD.5","Amoebiasis","05146",115,9,0.000445520226525571,-0.103076652986992,0.78,0.0031152952076229,0.0735209668999006,0.367604834499503,"Inhibited","http://www.genome.jp/dbget-bin/show_pathway?mmu05146+16780+15507+18708+14683+14675+18797+12829+12842+20719","EXvsHFD"
"EXvsHFD.6","Alzheimer's disease","05010",171,11,0.000581557269791685,0.056576237412048,0.868,0.00433684966396818,0.0852913767247075,0.511748260348245,"Activated","http://www.genome.jp/dbget-bin/show_pathway?mmu05010+226548+11487+11491+11820+67130+66945+12859+18797+12288+12315+19056","EXvsHFD"
"EXvsHFD.7","TGF-beta signaling pathway","04350",85,5,0.0259509982846473,1.02057639051823,0.085,0.0156981529013029,0.264626006050534,1,"Activated","http://www.genome.jp/dbget-bin/show_pathway?mmu04350+21825+21826+15901+11848+75788","EXvsHFD"
"EXvsHFD.8","Axon guidance","04360",131,8,0.00437426150323376,0.140619105438677,0.818,0.0237335216285083,0.350069444020497,1,"Activated","http://www.genome.jp/dbget-bin/show_pathway?mmu04360+54446+19056+11848+13844+18208+108151+14270+17974","EXvsHFD"
"EXvsHFD.9","Regulation of actin cytoskeleton","04810",215,9,0.0265838641023437,-0.970970101455317,0.225,0.0366006319499478,0.479874952232648,1,"Inhibited","http://www.genome.jp/dbget-bin/show_pathway?mmu04810+19241+18643+108083+67268+98932+11848+232906+18708+18595","EXvsHFD"
"EXvsHFD.10","Salivary secretion","04970",77,4,0.0648110165010118,0.426864816639351,0.132,0.049287660779254,0.556178604224095,1,"Activated","http://www.genome.jp/dbget-bin/show_pathway?mmu04970+11555+14683+18797+12315","EXvsHFD"
"EXvsHFD.11","Bacterial invasion of epithelial cells","05100",70,5,0.0121202071745938,0.032155213960511,0.969,0.0639413206580119,0.556178604224095,1,"Activated","http://www.genome.jp/dbget-bin/show_pathway?mmu05100+12385+18708+12389+16202+11848","EXvsHFD"
"EXvsHFD.12","Wnt signaling pathway","04310",154,7,0.0325765073107987,0.369183442742008,0.407,0.0705771377365935,0.556178604224095,1,"Activated","http://www.genome.jp/dbget-bin/show_pathway?mmu04310+54446+19056+18797+14362+11848+229658+22414","EXvsHFD"
"EXvsHFD.13","Protein processing in endoplasmic reticulum","04141",165,8,0.0164314129205269,-0.139626068178143,0.812,0.0709385834521249,0.556178604224095,1,"Inhibited","http://www.genome.jp/dbget-bin/show_pathway?mmu04141+53421+13135+20334+99683+69276+20338+109815+67397","EXvsHFD"
"EXvsHFD.14","Long-term potentiation","04720",69,4,0.0466494352988,-0.861612993873275,0.312,0.0761184491070066,0.556178604224095,1,"Inhibited","http://www.genome.jp/dbget-bin/show_pathway?mmu04720+19056+12315+12288+18797","EXvsHFD"
"EXvsHFD.15","Notch signaling pathway","04330",49,3,0.0713211829536702,0.721614624046848,0.207,0.0770004078564091,0.556178604224095,1,"Activated","http://www.genome.jp/dbget-bin/show_pathway?mmu04330+226548+11491+18129","EXvsHFD"
"EXvsHFD.16","Dopaminergic synapse","04728",132,7,0.0154956853839547,0.00872587752567847,0.97,0.0781249577043338,0.556178604224095,1,"Activated","http://www.genome.jp/dbget-bin/show_pathway?mmu04728+14683+18797+14709+12846+19056+12315+12288","EXvsHFD"
"EXvsHFD.17","Tight junction","04530",135,7,0.0173280397451992,0,1,0.0876006797532916,0.556178604224095,1,"Inhibited","http://www.genome.jp/dbget-bin/show_pathway?mmu04530+16456+12737+75677+12385+67268+98932+11848","EXvsHFD"
"EXvsHFD.18","Melanogenesis","04916",100,5,0.0471568198564832,0.826824031498619,0.417,0.0969247295768585,0.556178604224095,1,"Activated","http://www.genome.jp/dbget-bin/show_pathway?mmu04916+12315+14362+18797+14683+22414","EXvsHFD"
"EXvsHFD.19","Bile secretion","04976",71,4,0.0508858643977867,0.146373768486822,0.415,0.102582007280988,0.556178604224095,1,"Activated","http://www.genome.jp/dbget-bin/show_pathway?mmu04976+54403+14683+18671+16835","EXvsHFD"
"EXvsHFD.20","Basal cell carcinoma","05217",55,2,0.293688541197893,0.791457655263032,0.072,0.102689776245694,0.556178604224095,1,"Activated","http://www.genome.jp/dbget-bin/show_pathway?mmu05217+22414+14362","EXvsHFD"
"EXvsHFD.21","Small cell lung cancer","05222",83,3,0.222924300749871,0.790665981358047,0.096,0.103672214653221,0.556178604224095,1,"Activated","http://www.genome.jp/dbget-bin/show_pathway?mmu05222+18708+12829+16780","EXvsHFD"
"EXvsHFD.22","Calcium signaling pathway","04020",184,8,0.0292039320053636,0.162847923294655,0.733,0.10369431604178,0.556178604224095,1,"Activated","http://www.genome.jp/dbget-bin/show_pathway?mmu04020+19056+18595+14675+18797+12288+12315+11555+14683","EXvsHFD"
"EXvsHFD.23","Glutamatergic synapse","04724",125,5,0.100029381827749,0.350418636746839,0.273,0.125632594395496,0.644379854216372,1,"Activated","http://www.genome.jp/dbget-bin/show_pathway?mmu04724+12288+14683+18797+14709+19056","EXvsHFD"
"EXvsHFD.24","Vascular smooth muscle contraction","04270",124,6,0.03567698084096,-0.153367803855462,0.808,0.131060309332143,0.644379854216372,1,"Inhibited","http://www.genome.jp/dbget-bin/show_pathway?mmu04270+98932+11848+18797+12315+12288+14683","EXvsHFD"
"EXvsHFD.25","Amphetamine addiction","05031",69,4,0.0466494352988,0.140228852815664,0.654,0.136976341251035,0.646528330704885,1,"Activated","http://www.genome.jp/dbget-bin/show_pathway?mmu05031+12288+12315+14683+19056","EXvsHFD"
"EXvsHFD.26","Chronic myeloid leukemia","05220",73,2,0.421048116851312,-0.457474518320237,0.081,0.149321959736494,0.677691971111779,1,"Inhibited","http://www.genome.jp/dbget-bin/show_pathway?mmu05220+14389+18708","EXvsHFD"
"EXvsHFD.27","T cell receptor signaling pathway","04660",109,5,0.0636746619794546,-0.238951144663966,0.596,0.16210320753786,0.684331087665272,1,"Inhibited","http://www.genome.jp/dbget-bin/show_pathway?mmu04660+18708+54446+19056+11848+17974","EXvsHFD"
"EXvsHFD.28","MAPK signaling pathway","04010",267,7,0.271684648824995,-0.510848207595739,0.14,0.162383647920573,0.684331087665272,1,"Inhibited","http://www.genome.jp/dbget-bin/show_pathway?mmu04010+18015+18595+12288+15507+68652+19056+286940","EXvsHFD"
"EXvsHFD.29","Pancreatic secretion","04972",105,4,0.151763366307383,0.146373768486822,0.273,0.17333721749721,0.699987751583816,1,"Activated","http://www.genome.jp/dbget-bin/show_pathway?mmu04972+18797+54403+14683+11848","EXvsHFD"
"EXvsHFD.30","VEGF signaling pathway","04370",76,4,0.0623647599961592,0.167901333190311,0.708,0.18191842856437,0.699987751583816,1,"Activated","http://www.genome.jp/dbget-bin/show_pathway?mmu04370+15507+19056+18708+54446","EXvsHFD"
"EXvsHFD.31","Endometrial cancer","05213",52,3,0.0820315706143128,-0.336122685953961,0.546,0.183895087280494,0.699987751583816,1,"Inhibited","http://www.genome.jp/dbget-bin/show_pathway?mmu05213+12385+16202+18708","EXvsHFD"
"EXvsHFD.32","Dilated cardiomyopathy","05414",89,3,0.25426142018299,0.146373768486822,0.192,0.19623215728921,0.723606080003961,1,"Activated","http://www.genome.jp/dbget-bin/show_pathway?mmu05414+12288+13138+14683","EXvsHFD"
"EXvsHFD.33","Legionellosis","05134",56,2,0.30096184350476,0.428966081165015,0.17,0.203258754477155,0.726804031160736,1,"Activated","http://www.genome.jp/dbget-bin/show_pathway?mmu05134+19324+13627","EXvsHFD"
"EXvsHFD.34","Colorectal cancer","05210",64,2,0.358507402731161,0.256988031531337,0.169,0.230455358734279,0.739551809603089,1,"Activated","http://www.genome.jp/dbget-bin/show_pathway?mmu05210+18708+11848","EXvsHFD"
"EXvsHFD.35","Malaria","05144",46,3,0.0612937557935366,0,1,0.232430660240149,0.739551809603089,1,"Inhibited","http://www.genome.jp/dbget-bin/show_pathway?mmu05144+15529+21825+21826","EXvsHFD"
"EXvsHFD.36","Alcoholism","05034",193,6,0.179966083287919,0.682365077591,0.373,0.248449309747075,0.739551809603089,1,"Activated","http://www.genome.jp/dbget-bin/show_pathway?mmu05034+14683+208727+12315+14709+15078+15081","EXvsHFD"
"EXvsHFD.37","HTLV-I infection","05166",276,8,0.177104362137596,0.483731448978781,0.387,0.252248710269432,0.739551809603089,1,"Activated","http://www.genome.jp/dbget-bin/show_pathway?mmu05166+54446+19056+52206+18595+18708+22414+14362+74343","EXvsHFD"
"EXvsHFD.38","Gastric acid secretion","04971",74,3,0.177636034591831,0.196890754123134,0.387,0.252799902469922,0.739551809603089,1,"Activated","http://www.genome.jp/dbget-bin/show_pathway?mmu04971+18797+14683+12315","EXvsHFD"
"EXvsHFD.39","Chagas disease (American trypanosomiasis)","05142",100,4,0.133872325263642,0.34509025095835,0.514,0.252974514478585,0.739551809603089,1,"Activated","http://www.genome.jp/dbget-bin/show_pathway?mmu05142+14675+18797+14683+18708","EXvsHFD"
"EXvsHFD.40","Oocyte meiosis","04114",111,4,0.17434477511197,-0.430534044880942,0.422,0.265561355652421,0.739551809603089,1,"Inhibited","http://www.genome.jp/dbget-bin/show_pathway?mmu04114+52206+12315+19056+54401","EXvsHFD"
"EXvsHFD.41","Type II diabetes mellitus","04930",50,3,0.0748172244086849,0,1,0.268796376901692,0.739551809603089,1,"Inhibited","http://www.genome.jp/dbget-bin/show_pathway?mmu04930+18746+18708+12288","EXvsHFD"
"EXvsHFD.42","Gap junction","04540",87,3,0.243738602945597,0.605926065915018,0.308,0.269455180788744,0.739551809603089,1,"Activated","http://www.genome.jp/dbget-bin/show_pathway?mmu04540+18595+14683+18797","EXvsHFD"
"EXvsHFD.43","Phosphatidylinositol signaling system","04070",81,4,0.0750879088551951,0,1,0.269497693329939,0.739551809603089,1,"Inhibited","http://www.genome.jp/dbget-bin/show_pathway?mmu04070+18797+12315+18708+108083","EXvsHFD"
"EXvsHFD.44","Osteoclast differentiation","04380",121,5,0.0901240368698746,0.0445707226464966,0.923,0.290038882818365,0.753209061963185,1,"Activated","http://www.genome.jp/dbget-bin/show_pathway?mmu04380+14389+68652+18708+19056+18412","EXvsHFD"
"EXvsHFD.45","Hepatitis C","05160",134,5,0.124196300022436,0.143086829922238,0.676,0.291955566798123,0.753209061963185,1,"Activated","http://www.genome.jp/dbget-bin/show_pathway?mmu05160+228607+12737+75677+18708+16835","EXvsHFD"
"EXvsHFD.46","Staphylococcus aureus infection","05150",51,1,0.636489851057074,-0.267467499351901,0.139,0.303022935381684,0.753209061963185,1,"Inhibited","http://www.genome.jp/dbget-bin/show_pathway?mmu05150+12628","EXvsHFD"
"EXvsHFD.47","GnRH signaling pathway","04912",99,4,0.130403705047355,-0.246352371221945,0.679,0.303197575072771,0.753209061963185,1,"Inhibited","http://www.genome.jp/dbget-bin/show_pathway?mmu04912+18797+12315+14683+12288","EXvsHFD"
"EXvsHFD.48","Retrograde endocannabinoid signaling","04723",102,4,0.140921228839428,0.00720066013060492,0.659,0.313573710644832,0.753209061963185,1,"Activated","http://www.genome.jp/dbget-bin/show_pathway?mmu04723+18797+12288+14709+23945","EXvsHFD"
"EXvsHFD.49","Epstein-Barr virus infection","05169",203,6,0.20994764550158,0.265324370296965,0.448,0.316392968542647,0.753209061963185,1,"Activated","http://www.genome.jp/dbget-bin/show_pathway?mmu05169+208727+54401+15507+68652+18708+22352","EXvsHFD"
"EXvsHFD.50","GABAergic synapse","04727",88,2,0.51771898749042,-0.213192564898517,0.19,0.32648407127848,0.753209061963185,1,"Inhibited","http://www.genome.jp/dbget-bin/show_pathway?mmu04727+14709+12288","EXvsHFD"
"EXvsHFD.51","Cholinergic synapse","04725",112,4,0.178216144504561,0.311375695085157,0.564,0.331440502206149,0.753209061963185,1,"Activated","http://www.genome.jp/dbget-bin/show_pathway?mmu04725+18797+14709+18708+12288","EXvsHFD"
"EXvsHFD.52","Glioma","05214",65,3,0.135381527865386,0.188421895054859,0.744,0.331922637475302,0.753209061963185,1,"Activated","http://www.genome.jp/dbget-bin/show_pathway?mmu05214+18595+12315+18708","EXvsHFD"
"EXvsHFD.53","Serotonergic synapse","04726",137,5,0.132802109723422,0.0874514036458648,0.801,0.344737328569574,0.767528391909618,1,"Activated","http://www.genome.jp/dbget-bin/show_pathway?mmu04726+14683+18797+14709+12288+11820","EXvsHFD"
"EXvsHFD.54","Cytosolic DNA-sensing pathway","04623",60,2,0.329904900419638,0.12902573608409,0.378,0.384314436273499,0.839798212597646,1,"Activated","http://www.genome.jp/dbget-bin/show_pathway?mmu04623+228607+77125","EXvsHFD"
"EXvsHFD.55","Transcriptional misregulation in cancer","05202",174,6,0.128448252036536,0,1,0.392053500884797,0.840703648179699,1,"Inhibited","http://www.genome.jp/dbget-bin/show_pathway?mmu05202+12395+18627+17355+17268+15078+15081","EXvsHFD"
"EXvsHFD.56","Herpes simplex infection","05168",196,5,0.340682354729349,0.36208581685434,0.387,0.398978002525959,0.840703648179699,1,"Activated","http://www.genome.jp/dbget-bin/show_pathway?mmu05168+68652+228607+18627+18628+20384","EXvsHFD"
"EXvsHFD.57","Viral carcinogenesis","05203",220,7,0.143190184098967,0,1,0.421491987434105,0.862491938485898,1,"Inhibited","http://www.genome.jp/dbget-bin/show_pathway?mmu05203+22215+18708+54401+18746+208727+11848+16195","EXvsHFD"
"EXvsHFD.58","p53 signaling pathway","04115",67,3,0.144450878116059,0,1,0.423936715526967,0.862491938485898,1,"Inhibited","http://www.genome.jp/dbget-bin/show_pathway?mmu04115+12521+21825+64058","EXvsHFD"
"EXvsHFD.59","B cell receptor signaling pathway","04662",76,3,0.187477517382901,-0.139734020766475,0.832,0.445797532264413,0.876919068441186,1,"Inhibited","http://www.genome.jp/dbget-bin/show_pathway?mmu04662+18708+54446+19056","EXvsHFD"
"EXvsHFD.60","Vasopressin-regulated water reabsorption","04962",43,2,0.206391047260528,0.146373768486822,0.756,0.445891051749755,0.876919068441186,1,"Activated","http://www.genome.jp/dbget-bin/show_pathway?mmu04962+14683+69654","EXvsHFD"
"EXvsHFD.61","RNA degradation","03018",73,3,0.172770599928178,0,1,0.476119591159672,0.898191773872013,1,"Inhibited","http://www.genome.jp/dbget-bin/show_pathway?mmu03018+72068+13209+225929","EXvsHFD"
"EXvsHFD.62","Olfactory transduction","04740",1057,1,0.999999999535883,-0.285195906506441,0.174,0.478273796338345,0.898191773872013,1,"Inhibited","http://www.genome.jp/dbget-bin/show_pathway?mmu04740+12315","EXvsHFD"
"EXvsHFD.63","Arrhythmogenic right ventricular cardiomyopathy (ARVC)","05412",74,3,0.177636034591831,0,1,0.484594401339185,0.898191773872013,1,"Inhibited","http://www.genome.jp/dbget-bin/show_pathway?mmu05412+12288+13138+12385","EXvsHFD"
"EXvsHFD.64","Influenza A","05164",164,3,0.627364682144431,0.303817855042098,0.291,0.493040792624236,0.898191773872013,1,"Activated","http://www.genome.jp/dbget-bin/show_pathway?mmu05164+228607+18708+77125","EXvsHFD"
"EXvsHFD.65","Neurotrophin signaling pathway","04722",122,4,0.218391907263024,0.0971132408602685,0.849,0.497868248390828,0.898191773872013,1,"Activated","http://www.genome.jp/dbget-bin/show_pathway?mmu04722+18708+11848+94275+12315","EXvsHFD"
"EXvsHFD.66","Endocrine and other factor-regulated calcium reabsorption","04961",56,2,0.30096184350476,-0.11669172107427,0.642,0.510855247336157,0.898191773872013,1,"Inhibited","http://www.genome.jp/dbget-bin/show_pathway?mmu04961+18797+14683","EXvsHFD"
"EXvsHFD.67","Insulin signaling pathway","04910",139,4,0.291194218523205,-0.284030868955709,0.692,0.524306379592962,0.898191773872013,1,"Inhibited","http://www.genome.jp/dbget-bin/show_pathway?mmu04910+19268+12315+19309+18708","EXvsHFD"
"EXvsHFD.68","Toll-like receptor signaling pathway","04620",100,3,0.312985996698107,-0.194165164049668,0.651,0.527894214729231,0.898191773872013,1,"Inhibited","http://www.genome.jp/dbget-bin/show_pathway?mmu04620+20750+68652+18708","EXvsHFD"
"EXvsHFD.69","Fc epsilon RI signaling pathway","04664",79,2,0.460972702003346,0.375958595090574,0.454,0.536613638077689,0.898191773872013,1,"Activated","http://www.genome.jp/dbget-bin/show_pathway?mmu04664+18708+14389","EXvsHFD"
"EXvsHFD.70","Salmonella infection","05132",77,2,0.447839875133756,0.156998437940737,0.471,0.539189390192644,0.898191773872013,1,"Activated","http://www.genome.jp/dbget-bin/show_pathway?mmu05132+286940+18643","EXvsHFD"
"EXvsHFD.71","Toxoplasmosis","05145",128,4,0.243569387165308,0.0427864015722533,0.893,0.549319907889463,0.898191773872013,1,"Activated","http://www.genome.jp/dbget-bin/show_pathway?mmu05145+68652+18708+16780+16835","EXvsHFD"
"EXvsHFD.72","Acute myeloid leukemia","05221",57,2,0.30822237913452,-0.129215085426421,0.73,0.560625832914533,0.898191773872013,1,"Inhibited","http://www.genome.jp/dbget-bin/show_pathway?mmu05221+12395+18708","EXvsHFD"
"EXvsHFD.73","Complement and coagulation cascades","04610",76,1,0.778846288183609,-0.324781963498737,0.292,0.56422379912511,0.898191773872013,1,"Inhibited","http://www.genome.jp/dbget-bin/show_pathway?mmu04610+12628","EXvsHFD"
"EXvsHFD.74","Viral myocarditis","05416",84,3,0.228095506790235,0,1,0.565218578366041,0.898191773872013,1,"Inhibited","http://www.genome.jp/dbget-bin/show_pathway?mmu05416+13138+13052+12389","EXvsHFD"
"EXvsHFD.75","Morphine addiction","05032",91,2,0.535734242723245,0.153976479521244,0.437,0.574037850541748,0.898191773872013,1,"Activated","http://www.genome.jp/dbget-bin/show_pathway?mmu05032+14709+14683","EXvsHFD"
"EXvsHFD.76","Cell cycle","04110",123,3,0.435230370837092,0.26932257134632,0.545,0.578496396731127,0.898191773872013,1,"Activated","http://www.genome.jp/dbget-bin/show_pathway?mmu04110+52206+54401+12572","EXvsHFD"
"EXvsHFD.77","Fc gamma R-mediated phagocytosis","04666",89,3,0.25426142018299,-0.013587356616418,0.966,0.590458156984537,0.899162807214837,1,"Inhibited","http://www.genome.jp/dbget-bin/show_pathway?mmu04666+18708+67916+14389","EXvsHFD"
"EXvsHFD.78","Phototransduction","04744",28,1,0.426086164411691,-0.141511236376433,0.583,0.594361855616587,0.899162807214837,1,"Inhibited","http://www.genome.jp/dbget-bin/show_pathway?mmu04744+12315","EXvsHFD"
"EXvsHFD.79","NOD-like receptor signaling pathway","04621",55,1,0.664260677436977,0.145607391304649,0.402,0.619618568170134,0.907732920238707,1,"Activated","http://www.genome.jp/dbget-bin/show_pathway?mmu04621+68652","EXvsHFD"
"EXvsHFD.80","Cocaine addiction","05030",49,1,0.621756698693209,0.146373768486822,0.433,0.622498442300159,0.907732920238707,1,"Activated","http://www.genome.jp/dbget-bin/show_pathway?mmu05030+14683","EXvsHFD"
"EXvsHFD.81","Measles","05162",136,3,0.500856068479476,0.168834276006491,0.545,0.627387970950779,0.907732920238707,1,"Activated","http://www.genome.jp/dbget-bin/show_pathway?mmu05162+228607+18708+68652","EXvsHFD"
"EXvsHFD.82","Huntington's disease","05016",179,5,0.275602224352142,0,1,0.630797453047237,0.907732920238707,1,"Inhibited","http://www.genome.jp/dbget-bin/show_pathway?mmu05016+67130+66945+12859+18797+69654","EXvsHFD"
"EXvsHFD.83","Pertussis","05133",73,2,0.421048116851312,-0.0700638696166945,0.751,0.680274683888169,0.940755058696097,1,"Inhibited","http://www.genome.jp/dbget-bin/show_pathway?mmu05133+12315+11848","EXvsHFD"
"EXvsHFD.84","Melanoma","05218",71,2,0.407404274086711,-0.145403731857436,0.785,0.684405106627018,0.940755058696097,1,"Inhibited","http://www.genome.jp/dbget-bin/show_pathway?mmu05218+18595+18708","EXvsHFD"
"EXvsHFD.85","Leishmaniasis","05140",65,1,0.724775138309687,0.145607391304649,0.446,0.688305358123548,0.940755058696097,1,"Activated","http://www.genome.jp/dbget-bin/show_pathway?mmu05140+68652","EXvsHFD"
"EXvsHFD.86","Cytokine-cytokine receptor interaction","04060",250,3,0.871256531183443,-0.220828230293253,0.376,0.693180708075692,0.940755058696097,1,"Inhibited","http://www.genome.jp/dbget-bin/show_pathway?mmu04060+16195+18595+12778","EXvsHFD"
"EXvsHFD.87","Natural killer cell mediated cytotoxicity","04650",121,3,0.424838251165232,0.286654896604814,0.772,0.693607543275936,0.940755058696097,1,"Activated","http://www.genome.jp/dbget-bin/show_pathway?mmu04650+54446+19056+18708","EXvsHFD"
"EXvsHFD.88","Long-term depression","04730",71,2,0.407404274086711,-0.047596174885936,0.857,0.716539587571692,0.956097414946707,1,"Inhibited","http://www.genome.jp/dbget-bin/show_pathway?mmu04730+18797+14683","EXvsHFD"
"EXvsHFD.89","Dorso-ventral axis formation","04320",22,1,0.353528506916664,0,1,0.721124321442855,0.956097414946707,1,"Inhibited","http://www.genome.jp/dbget-bin/show_pathway?mmu04320+18129","EXvsHFD"
"EXvsHFD.90","mTOR signaling pathway","04150",65,2,0.365590763838011,0,1,0.733463070959961,0.961651581925282,1,"Inhibited","http://www.genome.jp/dbget-bin/show_pathway?mmu04150+74747+18708","EXvsHFD"
"EXvsHFD.91","NF-kappa B signaling pathway","04064",94,2,0.5532824381378,-0.185922089323364,0.687,0.747783545653379,0.969653388869217,1,"Inhibited","http://www.genome.jp/dbget-bin/show_pathway?mmu04064+68652+111173","EXvsHFD"
"EXvsHFD.92","ErbB signaling pathway","04012",87,2,0.511611544791853,-0.165458505388906,0.822,0.784822404116883,0.974157668740302,1,"Inhibited","http://www.genome.jp/dbget-bin/show_pathway?mmu04012+17974+18708","EXvsHFD"
"EXvsHFD.93","Tuberculosis","05152",178,3,0.681752528184278,0.238598703279494,0.617,0.784906085761273,0.974157668740302,1,"Activated","http://www.genome.jp/dbget-bin/show_pathway?mmu05152+12315+19056+11848","EXvsHFD"
"EXvsHFD.94","Apoptosis","04210",84,2,0.492987625585339,0.0287884994841688,0.921,0.812537619115705,0.974157668740302,1,"Activated","http://www.genome.jp/dbget-bin/show_pathway?mmu04210+19056+18708","EXvsHFD"
"EXvsHFD.95","Chemokine signaling pathway","04062",184,4,0.488892668452924,0.0382224988866827,0.94,0.816860666750892,0.974157668740302,1,"Activated","http://www.genome.jp/dbget-bin/show_pathway?mmu04062+11848+18708+18797+14709","EXvsHFD"
"EXvsHFD.96","African trypanosomiasis","05143",32,1,0.469885045812988,0,1,0.824773807544236,0.974157668740302,1,"Inhibited","http://www.genome.jp/dbget-bin/show_pathway?mmu05143+18797","EXvsHFD"
"EXvsHFD.97","PPAR signaling pathway","03320",81,2,0.473921483790848,0,1,0.827805109135203,0.974157668740302,1,"Inhibited","http://www.genome.jp/dbget-bin/show_pathway?mmu03320+16202+20250","EXvsHFD"
"EXvsHFD.98","Parkinson's disease","05012",131,3,0.476047028977665,0,1,0.829387523228346,0.974157668740302,1,"Inhibited","http://www.genome.jp/dbget-bin/show_pathway?mmu05012+67130+66945+12859","EXvsHFD"
"EXvsHFD.99","Rheumatoid arthritis","05323",82,2,0.48032509520422,0,1,0.832543703831693,0.974157668740302,1,"Inhibited","http://www.genome.jp/dbget-bin/show_pathway?mmu05323+11966+66290","EXvsHFD"
"EXvsHFD.100","Taste transduction","04742",60,1,0.696016461448644,-0.222107938313006,0.695,0.835029500132092,0.974157668740302,1,"Inhibited","http://www.genome.jp/dbget-bin/show_pathway?mmu04742+14683","EXvsHFD"
"EXvsHFD.101","SNARE interactions in vesicular transport","04130",35,1,0.500531299012822,0,1,0.846941576514034,0.974157668740302,1,"Inhibited","http://www.genome.jp/dbget-bin/show_pathway?mmu04130+53334","EXvsHFD"
"EXvsHFD.102","Regulation of autophagy","04140",35,1,0.500531299012822,0,1,0.846941576514034,0.974157668740302,1,"Inhibited","http://www.genome.jp/dbget-bin/show_pathway?mmu04140+56208","EXvsHFD"
"EXvsHFD.103","Progesterone-mediated oocyte maturation","04914",86,2,0.50545354612872,0,1,0.850324066781789,0.974157668740302,1,"Inhibited","http://www.genome.jp/dbget-bin/show_pathway?mmu04914+52206+18708","EXvsHFD"
"EXvsHFD.104","Aldosterone-regulated sodium reabsorption","04960",40,1,0.547730680622005,0,1,0.877448979226845,0.979728814612186,1,"Inhibited","http://www.genome.jp/dbget-bin/show_pathway?mmu04960+18708","EXvsHFD"
"EXvsHFD.105","Bladder cancer","05219",42,1,0.565339875659193,0,1,0.887769137378009,0.979728814612186,1,"Inhibited","http://www.genome.jp/dbget-bin/show_pathway?mmu05219+21825","EXvsHFD"
"EXvsHFD.106","Carbohydrate digestion and absorption","04973",44,1,0.582265029580803,0,1,0.89717116794476,0.979728814612186,1,"Inhibited","http://www.genome.jp/dbget-bin/show_pathway?mmu04973+18708","EXvsHFD"
"EXvsHFD.107","Jak-STAT signaling pathway","04630",156,3,0.593551846711608,0,1,0.903166718638906,0.979728814612186,1,"Inhibited","http://www.genome.jp/dbget-bin/show_pathway?mmu04630+101809+18708+16195","EXvsHFD"
"EXvsHFD.108","RNA transport","03013",164,3,0.627364682144431,0,1,0.919859209722178,0.979728814612186,1,"Inhibited","http://www.genome.jp/dbget-bin/show_pathway?mmu03013+13627+225160+13682","EXvsHFD"
"EXvsHFD.109","Hedgehog signaling pathway","04340",54,1,0.65752300223263,0,1,0.933206308242272,0.979728814612186,1,"Inhibited","http://www.genome.jp/dbget-bin/show_pathway?mmu04340+22414","EXvsHFD"
"EXvsHFD.110","Non-small cell lung cancer","05223",54,1,0.65752300223263,0,1,0.933206308242272,0.979728814612186,1,"Inhibited","http://www.genome.jp/dbget-bin/show_pathway?mmu05223+18708","EXvsHFD"
"EXvsHFD.111","Amyotrophic lateral sclerosis (ALS)","05014",55,1,0.664260677436977,0,1,0.935996847235171,0.979728814612186,1,"Inhibited","http://www.genome.jp/dbget-bin/show_pathway?mmu05014+19056","EXvsHFD"
"EXvsHFD.112","Lysosome","04142",123,2,0.698428112368058,0,1,0.949110041622492,0.979728814612186,1,"Inhibited","http://www.genome.jp/dbget-bin/show_pathway?mmu04142+12751+75612","EXvsHFD"
"EXvsHFD.113","RIG-I-like receptor signaling pathway","04622",69,1,0.745814748386794,0,1,0.964545833144606,0.979728814612186,1,"Inhibited","http://www.genome.jp/dbget-bin/show_pathway?mmu04622+228607","EXvsHFD"
"EXvsHFD.114","Pancreatic cancer","05212",70,1,0.75081896066893,0,1,0.965996707672938,0.979728814612186,1,"Inhibited","http://www.genome.jp/dbget-bin/show_pathway?mmu05212+18708","EXvsHFD"
"EXvsHFD.115","Renal cell carcinoma","05211",71,1,0.755724884762962,0,1,0.967386706897562,0.979728814612186,1,"Inhibited","http://www.genome.jp/dbget-bin/show_pathway?mmu05211+18708","EXvsHFD"
"EXvsHFD.116","Antigen processing and presentation","04612",74,1,0.769871999886268,0,1,0.971217403024389,0.979728814612186,1,"Inhibited","http://www.genome.jp/dbget-bin/show_pathway?mmu04612+21356","EXvsHFD"
"EXvsHFD.117","Systemic lupus erythematosus","05322",142,2,0.770671292471169,0,1,0.971426028047676,0.979728814612186,1,"Inhibited","http://www.genome.jp/dbget-bin/show_pathway?mmu05322+15078+15081","EXvsHFD"
"EXvsHFD.118","Neuroactive ligand-receptor interaction","04080",279,1,0.996174830164891,0,1,0.999992674691718,0.999992674691718,1,"Inhibited","http://www.genome.jp/dbget-bin/show_pathway?mmu04080+11555","EXvsHFD"
"DREXvsHFD.1","Circadian rhythm - mammal","04710",22,5,3.17730521335473e-05,2.45687037953295,0.001,5.80323591613764e-07,6.32552714859003e-05,6.32552714859003e-05,"Activated","http://www.genome.jp/dbget-bin/show_pathway?mmu04710+20893+12953+18626+18627+18628","DREXvsHFD"
"DREXvsHFD.2","ECM-receptor interaction","04512",86,8,0.000125345340045646,-0.466366798133303,0.289,0.000406651183070093,0.0181024503593691,0.0443249789546402,"Inhibited","http://www.genome.jp/dbget-bin/show_pathway?mmu04512+12829+12833+12835+12843+81877+21827+15529+20971","DREXvsHFD"
"DREXvsHFD.3","Focal adhesion","04510",201,13,5.32118447618612e-05,-0.296426255808086,0.851,0.000498232578698233,0.0181024503593691,0.0543073510781074,"Inhibited","http://www.genome.jp/dbget-bin/show_pathway?mmu04510+286940+12829+12833+12835+12843+21827+81877+12390+12445+71785+215449+16476+12387","DREXvsHFD"
"DREXvsHFD.4","Malaria","05144",46,5,0.00117557158208893,0,1,0.00910597841158473,0.248137911715684,0.992551646862735,"Inhibited","http://www.genome.jp/dbget-bin/show_pathway?mmu05144+15529+20971+12520+71683+21827","DREXvsHFD"
"DREXvsHFD.5","Protein processing in endoplasmic reticulum","04141",165,9,0.00243695781565177,-0.134959124034791,0.709,0.0127181936654137,0.277256621906018,1,"Inhibited","http://www.genome.jp/dbget-bin/show_pathway?mmu04141+57743+103963+22433+64209+56550+18453+71853+22027+15505","DREXvsHFD"
"DREXvsHFD.6","Gap junction","04540",87,2,0.447747854289693,1.56877231477427,0.008,0.023755132625366,0.404824986125878,1,"Activated","http://www.genome.jp/dbget-bin/show_pathway?mmu04540+71785+16438","DREXvsHFD"
"DREXvsHFD.7","Acute myeloid leukemia","05221",57,3,0.076617008688128,-1.1072814089518,0.052,0.0259979348888178,0.404824986125878,1,"Inhibited","http://www.genome.jp/dbget-bin/show_pathway?mmu05221+19401+235320+20848","DREXvsHFD"
"DREXvsHFD.8","TGF-beta signaling pathway","04350",85,5,0.0162792680293119,0.394392140145816,0.636,0.0576739769186073,0.547261134324845,1,"Activated","http://www.genome.jp/dbget-bin/show_pathway?mmu04350+21827+15901+15903+75788+13179","DREXvsHFD"
"DREXvsHFD.9","Small cell lung cancer","05222",83,2,0.424085038566138,1.17471546232138,0.026,0.0607266368176524,0.547261134324845,1,"Activated","http://www.genome.jp/dbget-bin/show_pathway?mmu05222+218772+12829","DREXvsHFD"
"DREXvsHFD.10","Intestinal immune network for IgA production","04672",46,1,0.553762807506442,-0.366380495745035,0.02,0.0609475979234974,0.547261134324845,1,"Inhibited","http://www.genome.jp/dbget-bin/show_pathway?mmu04672+69583","DREXvsHFD"
"DREXvsHFD.11","Transcriptional misregulation in cancer","05202",174,8,0.0112872450406504,0,1,0.0619001767729604,0.547261134324845,1,"Inhibited","http://www.genome.jp/dbget-bin/show_pathway?mmu05202+233908+56312+13207+19401+235320+18627+18514+67603","DREXvsHFD"
"DREXvsHFD.12","Salmonella infection","05132",77,3,0.149940890079453,0.675735326897099,0.083,0.0670346120740105,0.547261134324845,1,"Activated","http://www.genome.jp/dbget-bin/show_pathway?mmu05132+16476+286940+74764","DREXvsHFD"
"DREXvsHFD.13","Osteoclast differentiation","04380",121,5,0.0601135289077342,0.833970049599462,0.224,0.0714695171425136,0.547261134324845,1,"Activated","http://www.genome.jp/dbget-bin/show_pathway?mmu04380+14389+16476+16478+21937+14200","DREXvsHFD"
"DREXvsHFD.14","Phototransduction","04744",28,1,0.387955166854408,-0.706558956580203,0.035,0.0719558080335276,0.547261134324845,1,"Inhibited","http://www.genome.jp/dbget-bin/show_pathway?mmu04744+109689","DREXvsHFD"
"DREXvsHFD.15","Viral carcinogenesis","05203",220,9,0.0151026021901214,0,1,0.0784261249974328,0.547261134324845,1,"Inhibited","http://www.genome.jp/dbget-bin/show_pathway?mmu05203+16476+208647+20848+12445+11972+208727+56233+227753+16195","DREXvsHFD"
"DREXvsHFD.16","Neurotrophin signaling pathway","04722",122,6,0.0198453529975186,0.251602339397075,0.784,0.0803319096256653,0.547261134324845,1,"Activated","http://www.genome.jp/dbget-bin/show_pathway?mmu04722+18213+215449+14388+56484+108058+16476","DREXvsHFD"
"DREXvsHFD.17","Complement and coagulation cascades","04610",76,4,0.0433177891555067,-0.724953096694104,0.571,0.116241017203015,0.670683104146213,1,"Inhibited","http://www.genome.jp/dbget-bin/show_pathway?mmu04610+14066+385643+12258+50908","DREXvsHFD"
"DREXvsHFD.18","Jak-STAT signaling pathway","04630",156,6,0.055216016545812,-0.0669453965792159,0.462,0.119097412848411,0.670683104146213,1,"Inhibited","http://www.genome.jp/dbget-bin/show_pathway?mmu04630+114715+12445+20848+12804+16195+16880","DREXvsHFD"
"DREXvsHFD.19","Pertussis","05133",73,3,0.133830123148497,0.640826461433498,0.191,0.119287229451497,0.670683104146213,1,"Activated","http://www.genome.jp/dbget-bin/show_pathway?mmu05133+50908+12258+16476","DREXvsHFD"
"DREXvsHFD.20","Wnt signaling pathway","04310",154,6,0.0524859960809459,-0.316236436791429,0.563,0.133614040811755,0.670683104146213,1,"Inhibited","http://www.genome.jp/dbget-bin/show_pathway?mmu04310+108058+12445+16476+12387+54612+216795","DREXvsHFD"
"DREXvsHFD.21","Arrhythmogenic right ventricular cardiomyopathy (ARVC)","05412",74,2,0.369042926482456,-0.144055532475876,0.086,0.141240671671205,0.670683104146213,1,"Inhibited","http://www.genome.jp/dbget-bin/show_pathway?mmu05412+11938+12387","DREXvsHFD"
"DREXvsHFD.22","Melanoma","05218",71,1,0.712398370547859,1.64249898223388,0.045,0.142343952376319,0.670683104146213,1,"Activated","http://www.genome.jp/dbget-bin/show_pathway?mmu05218+71785","DREXvsHFD"
"DREXvsHFD.23","Bacterial invasion of epithelial cells","05100",70,4,0.0335222244536866,-0.00919754457098554,0.99,0.146208556689303,0.670683104146213,1,"Inhibited","http://www.genome.jp/dbget-bin/show_pathway?mmu05100+12387+103967+14388+12390","DREXvsHFD"
"DREXvsHFD.24","MAPK signaling pathway","04010",267,9,0.0444094213638761,0.174905778796677,0.757,0.147673344032194,0.670683104146213,1,"Activated","http://www.genome.jp/dbget-bin/show_pathway?mmu04010+67603+72349+17762+215449+21937+109689+16478+16476+286940","DREXvsHFD"
"DREXvsHFD.25","Long-term potentiation","04720",69,3,0.118372618008499,-0.972007077831303,0.325,0.163804097775186,0.71418586629981,1,"Inhibited","http://www.genome.jp/dbget-bin/show_pathway?mmu04720+108058+215449+16438","DREXvsHFD"
"DREXvsHFD.26","Systemic lupus erythematosus","05322",142,1,0.917632922491193,-0.38201758293353,0.045,0.172897897536877,0.724841185827675,1,"Inhibited","http://www.genome.jp/dbget-bin/show_pathway?mmu05322+50908","DREXvsHFD"
"DREXvsHFD.27","Rheumatoid arthritis","05323",82,4,0.0545551567651141,0,1,0.213231178180651,0.860822163766332,1,"Inhibited","http://www.genome.jp/dbget-bin/show_pathway?mmu05323+11972+11974+69583+16476","DREXvsHFD"
"DREXvsHFD.28","Colorectal cancer","05210",64,2,0.305650066111749,-0.324028928659944,0.2,0.231973259414169,0.898707372342126,1,"Inhibited","http://www.genome.jp/dbget-bin/show_pathway?mmu05210+16476+12387","DREXvsHFD"
"DREXvsHFD.29","Cytokine-cytokine receptor interaction","04060",250,6,0.26878123886442,0.448750240840341,0.237,0.239105631173593,0.898707372342126,1,"Activated","http://www.genome.jp/dbget-bin/show_pathway?mmu04060+16880+16195+69583+71785+12804+21937","DREXvsHFD"
"DREXvsHFD.30","Amphetamine addiction","05031",69,3,0.118372618008499,-0.156470432790141,0.658,0.276698844311843,0.975491395442415,1,"Inhibited","http://www.genome.jp/dbget-bin/show_pathway?mmu05031+108058+208647+16476","DREXvsHFD"
"DREXvsHFD.31","Cholinergic synapse","04725",112,4,0.131041848715311,0.272786630342556,0.622,0.2858530408756,0.975491395442415,1,"Activated","http://www.genome.jp/dbget-bin/show_pathway?mmu04725+16438+16518+208647+108058","DREXvsHFD"
"DREXvsHFD.32","RIG-I-like receptor signaling pathway","04622",69,1,0.702106083700465,-0.407986504539072,0.12,0.292688449290288,0.975491395442415,1,"Inhibited","http://www.genome.jp/dbget-bin/show_pathway?mmu04622+73174","DREXvsHFD"
"DREXvsHFD.33","Fc gamma R-mediated phagocytosis","04666",89,3,0.201490312862809,0.459722391712846,0.43,0.298562933367262,0.975491395442415,1,"Activated","http://www.genome.jp/dbget-bin/show_pathway?mmu04666+227753+14389+103967","DREXvsHFD"
"DREXvsHFD.34","Melanogenesis","04916",100,4,0.0966311723339507,-0.0697804423118387,0.959,0.313103421760974,0.975491395442415,1,"Inhibited","http://www.genome.jp/dbget-bin/show_pathway?mmu04916+108058+208647+12387+216795","DREXvsHFD"
"DREXvsHFD.35","Staphylococcus aureus infection","05150",51,1,0.591277076881494,-0.668530770133677,0.16,0.317686268047001,0.975491395442415,1,"Inhibited","http://www.genome.jp/dbget-bin/show_pathway?mmu05150+50908","DREXvsHFD"
"DREXvsHFD.36","Renal cell carcinoma","05211",71,3,0.126015298019076,-0.0893237151801546,0.828,0.340160391170015,0.975491395442415,1,"Inhibited","http://www.genome.jp/dbget-bin/show_pathway?mmu05211+14388+215449+16476","DREXvsHFD"
"DREXvsHFD.37","ErbB signaling pathway","04012",87,3,0.192614109386683,0.527637268395768,0.552,0.344621912064758,0.975491395442415,1,"Activated","http://www.genome.jp/dbget-bin/show_pathway?mmu04012+14388+108058+16476","DREXvsHFD"
"DREXvsHFD.38","Hedgehog signaling pathway","04340",54,2,0.241193923926885,0.40500241898411,0.447,0.347952567415531,0.975491395442415,1,"Activated","http://www.genome.jp/dbget-bin/show_pathway?mmu04340+216795+14451","DREXvsHFD"
"DREXvsHFD.39","Cocaine addiction","05030",49,2,0.209137016700884,-0.240180590504046,0.526,0.352813640174047,0.975491395442415,1,"Inhibited","http://www.genome.jp/dbget-bin/show_pathway?mmu05030+16476+208647","DREXvsHFD"
"DREXvsHFD.40","Hepatitis C","05160",134,4,0.204616762680393,0.224300977216433,0.602,0.381130810281873,0.975491395442415,1,"Activated","http://www.genome.jp/dbget-bin/show_pathway?mmu05160+12520+20848+21937+16835","DREXvsHFD"
"DREXvsHFD.41","Amyotrophic lateral sclerosis (ALS)","05014",55,1,0.619010451297587,-0.399587846218334,0.202,0.385013595091828,0.975491395442415,1,"Inhibited","http://www.genome.jp/dbget-bin/show_pathway?mmu05014+21937","DREXvsHFD"
"DREXvsHFD.42","GnRH signaling pathway","04912",99,3,0.247122371970825,0.390834509540923,0.528,0.396208375814947,0.975491395442415,1,"Activated","http://www.genome.jp/dbget-bin/show_pathway?mmu04912+108058+16438+16476","DREXvsHFD"
"DREXvsHFD.43","Adipocytokine signaling pathway","04920",70,2,0.343909414374582,-0.220750932429677,0.386,0.400808480664508,0.975491395442415,1,"Inhibited","http://www.genome.jp/dbget-bin/show_pathway?mmu04920+20848+21937","DREXvsHFD"
"DREXvsHFD.44","Gastric acid secretion","04971",74,3,0.137799332463573,0.014902084497134,0.966,0.401545266396458,0.975491395442415,1,"Activated","http://www.genome.jp/dbget-bin/show_pathway?mmu04971+16438+16518+108058","DREXvsHFD"
"DREXvsHFD.45","Aldosterone-regulated sodium reabsorption","04960",40,1,0.50418696225496,-0.190291751746433,0.274,0.411600726050629,0.975491395442415,1,"Inhibited","http://www.genome.jp/dbget-bin/show_pathway?mmu04960+110784","DREXvsHFD"
"DREXvsHFD.46","Thyroid cancer","05216",29,1,0.39860042555153,-0.288111064951752,0.354,0.417423125272806,0.975491395442415,1,"Inhibited","http://www.genome.jp/dbget-bin/show_pathway?mmu05216+12387","DREXvsHFD"
"DREXvsHFD.47","Antigen processing and presentation","04612",74,1,0.727175615916312,-0.263184019180753,0.206,0.43418497921999,0.975491395442415,1,"Inhibited","http://www.genome.jp/dbget-bin/show_pathway?mmu04612+13030","DREXvsHFD"
"DREXvsHFD.48","SNARE interactions in vesicular transport","04130",35,1,0.4587040110154,-0.140630426485817,0.341,0.446608454475529,0.975491395442415,1,"Inhibited","http://www.genome.jp/dbget-bin/show_pathway?mmu04130+20333","DREXvsHFD"
"DREXvsHFD.49","Sulfur relay system","04122",10,1,0.160764918231011,0,1,0.45461298364079,0.975491395442415,1,"Inhibited","http://www.genome.jp/dbget-bin/show_pathway?mmu04122+17434","DREXvsHFD"
"DREXvsHFD.50","Measles","05162",136,2,0.686885820327547,0.304171463768965,0.235,0.455805675668059,0.975491395442415,1,"Activated","http://www.genome.jp/dbget-bin/show_pathway?mmu05162+20848+12445","DREXvsHFD"
"DREXvsHFD.51","Phosphatidylinositol signaling system","04070",81,3,0.166634320057148,0,1,0.465235284388327,0.975491395442415,1,"Inhibited","http://www.genome.jp/dbget-bin/show_pathway?mmu04070+74055+16438+227333","DREXvsHFD"
"DREXvsHFD.52","Alzheimer's disease","05010",171,4,0.346002081088614,-0.29969088466375,0.49,0.470418749749654,0.975491395442415,1,"Inhibited","http://www.genome.jp/dbget-bin/show_pathway?mmu05010+16438+11938+17762+21937","DREXvsHFD"
"DREXvsHFD.53","Basal cell carcinoma","05217",55,2,0.247638256245898,-0.21276251027749,0.712,0.482312672040708,0.975491395442415,1,"Inhibited","http://www.genome.jp/dbget-bin/show_pathway?mmu05217+216795+12387","DREXvsHFD"
"DREXvsHFD.54","Non-small cell lung cancer","05223",54,2,0.241193923926885,0.314128427254644,0.799,0.510026771555768,0.975491395442415,1,"Activated","http://www.genome.jp/dbget-bin/show_pathway?mmu05223+56484+218772","DREXvsHFD"
"DREXvsHFD.55","Endometrial cancer","05213",52,2,0.228331121152261,-0.100673851855251,0.847,0.511149357334637,0.975491395442415,1,"Inhibited","http://www.genome.jp/dbget-bin/show_pathway?mmu05213+12387+56484","DREXvsHFD"
"DREXvsHFD.56","Calcium signaling pathway","04020",184,4,0.397162799300618,0.40570007144149,0.496,0.517024874752884,0.975491395442415,1,"Activated","http://www.genome.jp/dbget-bin/show_pathway?mmu04020+108058+74055+16438+11938","DREXvsHFD"
"DREXvsHFD.57","Chemokine signaling pathway","04062",184,4,0.397162799300618,0.528356801466095,0.505,0.522799674065447,0.975491395442415,1,"Activated","http://www.genome.jp/dbget-bin/show_pathway?mmu04062+109689+215449+20848+56484","DREXvsHFD"
"DREXvsHFD.58","Herpes simplex infection","05168",196,5,0.255148750240707,-0.0996781206591308,0.805,0.530497975265638,0.975491395442415,1,"Inhibited","http://www.genome.jp/dbget-bin/show_pathway?mmu05168+16476+18626+18627+18628+21937","DREXvsHFD"
"DREXvsHFD.59","Olfactory transduction","04740",1057,1,0.999999994401143,0.526824222581936,0.215,0.5454802070834,0.975491395442415,1,"Activated","http://www.genome.jp/dbget-bin/show_pathway?mmu04740+108058","DREXvsHFD"
"DREXvsHFD.60","Oocyte meiosis","04114",111,2,0.577130579306179,0.381230382399588,0.374,0.546780230608964,0.975491395442415,1,"Activated","http://www.genome.jp/dbget-bin/show_pathway?mmu04114+108058+16438","DREXvsHFD"
"DREXvsHFD.61","HTLV-I infection","05166",276,6,0.347388930980145,-0.288350193880364,0.627,0.549785583446149,0.975491395442415,1,"Inhibited","http://www.genome.jp/dbget-bin/show_pathway?mmu05166+22433+21937+16476+216795+12387+12445","DREXvsHFD"
"DREXvsHFD.62","Tuberculosis","05152",178,4,0.373586934755974,-0.379348632811951,0.592,0.55486666529752,0.975491395442415,1,"Inhibited","http://www.genome.jp/dbget-bin/show_pathway?mmu05152+17534+11972+108058+21937","DREXvsHFD"
"DREXvsHFD.63","Legionellosis","05134",56,2,0.254088239300312,0.119244298162376,0.973,0.592715157166649,0.998409833619604,1,"Activated","http://www.genome.jp/dbget-bin/show_pathway?mmu05134+12747+20333","DREXvsHFD"
"DREXvsHFD.64","Leukocyte transendothelial migration","04670",119,3,0.341652559335658,0.222602466947968,0.74,0.600471074377126,0.998409833619604,1,"Activated","http://www.genome.jp/dbget-bin/show_pathway?mmu04670+20469+12387+215449","DREXvsHFD"
"DREXvsHFD.65","Vasopressin-regulated water reabsorption","04962",43,1,0.529625811581331,-0.134108240825676,0.49,0.609587587725311,0.998409833619604,1,"Inhibited","http://www.genome.jp/dbget-bin/show_pathway?mmu04962+208647","DREXvsHFD"
"DREXvsHFD.66","Axon guidance","04360",131,2,0.666977381543753,-0.279840530511907,0.409,0.627163540945822,0.998409833619604,1,"Inhibited","http://www.genome.jp/dbget-bin/show_pathway?mmu04360+13846+18208","DREXvsHFD"
"DREXvsHFD.67","Pancreatic secretion","04972",105,3,0.275222064203759,0,1,0.630307241601083,0.998409833619604,1,"Inhibited","http://www.genome.jp/dbget-bin/show_pathway?mmu04972+16438+11938+215449","DREXvsHFD"
"DREXvsHFD.68","Chronic myeloid leukemia","05220",73,1,0.722335984978017,-0.276094014602733,0.435,0.677976069667546,0.998409833619604,1,"Inhibited","http://www.genome.jp/dbget-bin/show_pathway?mmu05220+14389","DREXvsHFD"
"DREXvsHFD.69","Apoptosis","04210",84,1,0.771177325094491,-0.316340378256181,0.439,0.705224498173854,0.998409833619604,1,"Inhibited","http://www.genome.jp/dbget-bin/show_pathway?mmu04210+21937","DREXvsHFD"
"DREXvsHFD.70","Toxoplasmosis","05145",128,3,0.38423263098362,-0.0427970560961778,0.903,0.71423523035437,0.998409833619604,1,"Inhibited","http://www.genome.jp/dbget-bin/show_pathway?mmu05145+20848+21937+16835","DREXvsHFD"
"DREXvsHFD.71","Bile secretion","04976",71,2,0.350225185863148,0,1,0.717674076250364,0.998409833619604,1,"Inhibited","http://www.genome.jp/dbget-bin/show_pathway?mmu04976+16835+320024","DREXvsHFD"
"DREXvsHFD.72","Lysosome","04142",123,3,0.360630440382131,0,1,0.728437987615429,0.998409833619604,1,"Inhibited","http://www.genome.jp/dbget-bin/show_pathway?mmu04142+11972+13030+12492","DREXvsHFD"
"DREXvsHFD.73","Dopaminergic synapse","04728",132,3,0.402971161817977,0.0439406276554572,0.895,0.728467308073151,0.998409833619604,1,"Activated","http://www.genome.jp/dbget-bin/show_pathway?mmu04728+16438+208647+108058","DREXvsHFD"
"DREXvsHFD.74","Glutamatergic synapse","04724",125,3,0.370091090590404,0,1,0.737963896951909,0.998409833619604,1,"Inhibited","http://www.genome.jp/dbget-bin/show_pathway?mmu04724+67760+16438+14645","DREXvsHFD"
"DREXvsHFD.75","B cell receptor signaling pathway","04662",76,2,0.381468877206903,0,1,0.74910035680459,0.998409833619604,1,"Inhibited","http://www.genome.jp/dbget-bin/show_pathway?mmu04662+12520+16476","DREXvsHFD"
"DREXvsHFD.76","Salivary secretion","04970",77,2,0.387642956863635,0,1,0.755000781575029,0.998409833619604,1,"Inhibited","http://www.genome.jp/dbget-bin/show_pathway?mmu04970+16438+13010","DREXvsHFD"
"DREXvsHFD.77","PPAR signaling pathway","03320",81,2,0.412058079522297,0,1,0.77738505188198,0.998409833619604,1,"Inhibited","http://www.genome.jp/dbget-bin/show_pathway?mmu03320+20411+104086","DREXvsHFD"
"DREXvsHFD.78","NF-kappa B signaling pathway","04064",94,1,0.808098395838111,-0.267054904098731,0.514,0.780301573232306,0.998409833619604,1,"Inhibited","http://www.genome.jp/dbget-bin/show_pathway?mmu04064+21937","DREXvsHFD"
"DREXvsHFD.79","GABAergic synapse","04727",88,2,0.453578271287516,0,1,0.812171551324993,0.998409833619604,1,"Inhibited","http://www.genome.jp/dbget-bin/show_pathway?mmu04727+14645+67760","DREXvsHFD"
"DREXvsHFD.80","Glioma","05214",65,1,0.680406553982854,-0.161252746069897,0.709,0.834066751709941,0.998409833619604,1,"Inhibited","http://www.genome.jp/dbget-bin/show_pathway?mmu05214+108058","DREXvsHFD"
"DREXvsHFD.81","Chagas disease (American trypanosomiasis)","05142",100,2,0.520657290375191,-0.0318226080990393,0.933,0.836508012147045,0.998409833619604,1,"Inhibited","http://www.genome.jp/dbget-bin/show_pathway?mmu05142+16476+21937","DREXvsHFD"
"DREXvsHFD.82","Cell cycle","04110",123,2,0.633021773419403,0.0223318663342491,0.781,0.84265344767729,0.998409833619604,1,"Activated","http://www.genome.jp/dbget-bin/show_pathway?mmu04110+12577+12445","DREXvsHFD"
"DREXvsHFD.83","Pancreatic cancer","05212",70,1,0.707297339777651,-0.147279872474275,0.766,0.873840379292383,0.998409833619604,1,"Inhibited","http://www.genome.jp/dbget-bin/show_pathway?mmu05212+20848","DREXvsHFD"
"DREXvsHFD.84","Notch signaling pathway","04330",49,1,0.576664402116334,0.148787117120562,0.964,0.882308688445738,0.998409833619604,1,"Activated","http://www.genome.jp/dbget-bin/show_pathway?mmu04330+80904","DREXvsHFD"
"DREXvsHFD.85","Toll-like receptor signaling pathway","04620",100,1,0.827333183585143,-0.121225542489566,0.685,0.88855641265345,0.998409833619604,1,"Inhibited","http://www.genome.jp/dbget-bin/show_pathway?mmu04620+16476","DREXvsHFD"
"DREXvsHFD.86","Endocrine and other factor-regulated calcium reabsorption","04961",56,1,0.625645400606628,0.118847315805078,0.935,0.89863235305397,0.998409833619604,1,"Activated","http://www.genome.jp/dbget-bin/show_pathway?mmu04961+103967","DREXvsHFD"
"DREXvsHFD.87","Insulin signaling pathway","04910",139,2,0.69835616479728,0.156381069240753,0.846,0.901729784318204,0.998409833619604,1,"Activated","http://www.genome.jp/dbget-bin/show_pathway?mmu04910+20411+104215","DREXvsHFD"
"DREXvsHFD.88","Amoebiasis","05146",115,2,0.596426856298938,0,1,0.90465946025314,0.998409833619604,1,"Inhibited","http://www.genome.jp/dbget-bin/show_pathway?mmu05146+12829+12843","DREXvsHFD"
"DREXvsHFD.89","Alcoholism","05034",193,3,0.654527803117721,0.02631139547058,0.942,0.914730702624556,0.998409833619604,1,"Activated","http://www.genome.jp/dbget-bin/show_pathway?mmu05034+208647+208727+56233","DREXvsHFD"
"DREXvsHFD.90","NOD-like receptor signaling pathway","04621",55,1,0.619010451297587,0,1,0.915908366774901,0.998409833619604,1,"Inhibited","http://www.genome.jp/dbget-bin/show_pathway?mmu04621+22027","DREXvsHFD"
"DREXvsHFD.91","Type I diabetes mellitus","04940",55,1,0.619010451297587,0,1,0.915908366774901,0.998409833619604,1,"Inhibited","http://www.genome.jp/dbget-bin/show_pathway?mmu04940+12876","DREXvsHFD"
"DREXvsHFD.92","Leishmaniasis","05140",65,1,0.680406553982854,0,1,0.942407158060047,0.998409833619604,1,"Inhibited","http://www.genome.jp/dbget-bin/show_pathway?mmu05140+16476","DREXvsHFD"
"DREXvsHFD.93","Tight junction","04530",135,2,0.682983736624583,0,1,0.943394665682987,0.998409833619604,1,"Inhibited","http://www.genome.jp/dbget-bin/show_pathway?mmu04530+14924+12387","DREXvsHFD"
"DREXvsHFD.94","Regulation of actin cytoskeleton","04810",215,3,0.724357975357791,-0.0332316609057393,0.946,0.944252220250501,0.998409833619604,1,"Inhibited","http://www.genome.jp/dbget-bin/show_pathway?mmu04810+108100+227753+71785","DREXvsHFD"
"DREXvsHFD.95","Epstein-Barr virus infection","05169",203,3,0.687732671441937,0,1,0.94518888758894,0.998409833619604,1,"Inhibited","http://www.genome.jp/dbget-bin/show_pathway?mmu05169+208727+16476+20848","DREXvsHFD"
"DREXvsHFD.96","Serotonergic synapse","04726",137,2,0.690748459495563,0,1,0.946311260506212,0.998409833619604,1,"Inhibited","http://www.genome.jp/dbget-bin/show_pathway?mmu04726+16438+56448","DREXvsHFD"
"DREXvsHFD.97","p53 signaling pathway","04115",67,1,0.691446501736706,0,1,0.946569169269471,0.998409833619604,1,"Inhibited","http://www.genome.jp/dbget-bin/show_pathway?mmu04115+12445","DREXvsHFD"
"DREXvsHFD.98","Long-term depression","04730",71,1,0.712398370547859,0,1,0.953985491743756,0.998409833619604,1,"Inhibited","http://www.genome.jp/dbget-bin/show_pathway?mmu04730+16438","DREXvsHFD"
"DREXvsHFD.99","RNA degradation","03018",73,1,0.722335984978017,0,1,0.957286523414729,0.998409833619604,1,"Inhibited","http://www.genome.jp/dbget-bin/show_pathway?mmu03018+319885","DREXvsHFD"
"DREXvsHFD.100","Fc epsilon RI signaling pathway","04664",79,1,0.750140619076795,0,1,0.965801994744615,0.998409833619604,1,"Inhibited","http://www.genome.jp/dbget-bin/show_pathway?mmu04664+14389","DREXvsHFD"
"DREXvsHFD.101","Viral myocarditis","05416",84,1,0.771177325094491,0,1,0.97155768007622,0.998409833619604,1,"Inhibited","http://www.genome.jp/dbget-bin/show_pathway?mmu05416+13052","DREXvsHFD"
"DREXvsHFD.102","Influenza A","05164",164,2,0.780920824557498,0,1,0.974028106250731,0.998409833619604,1,"Inhibited","http://www.genome.jp/dbget-bin/show_pathway?mmu05164+16476+21937","DREXvsHFD"
"DREXvsHFD.103","Dilated cardiomyopathy","05414",89,1,0.790447245064377,0,1,0.976325942555667,0.998409833619604,1,"Inhibited","http://www.genome.jp/dbget-bin/show_pathway?mmu05414+11938","DREXvsHFD"
"DREXvsHFD.104","Morphine addiction","05032",91,1,0.797694095856904,0,1,0.977996966968126,0.998409833619604,1,"Inhibited","http://www.genome.jp/dbget-bin/show_pathway?mmu05032+109689","DREXvsHFD"
"DREXvsHFD.105","Huntington's disease","05016",179,2,0.820366793825871,0,1,0.982802478309649,0.998409833619604,1,"Inhibited","http://www.genome.jp/dbget-bin/show_pathway?mmu05016+16438+208647","DREXvsHFD"
"DREXvsHFD.106","Retrograde endocannabinoid signaling","04723",102,1,0.833307498643865,0,1,0.985263253373696,0.998409833619604,1,"Inhibited","http://www.genome.jp/dbget-bin/show_pathway?mmu04723+16438","DREXvsHFD"
"DREXvsHFD.107","T cell receptor signaling pathway","04660",109,1,0.852639958356852,0,1,0.988566037881498,0.998409833619604,1,"Inhibited","http://www.genome.jp/dbget-bin/show_pathway?mmu04660+16476","DREXvsHFD"
"DREXvsHFD.108","Vascular smooth muscle contraction","04270",124,1,0.886864491283242,0,1,0.993344173906638,0.998409833619604,1,"Inhibited","http://www.genome.jp/dbget-bin/show_pathway?mmu04270+16438","DREXvsHFD"
"DREXvsHFD.109","RNA transport","03013",164,1,0.944138145619415,0,1,0.998409833619604,0.998409833619604,1,"Inhibited","http://www.genome.jp/dbget-bin/show_pathway?mmu03013+192160","DREXvsHFD"
"DRvsHFD.1","ECM-receptor interaction","04512",86,7,1.15228092447359e-05,0.734419550909094,0.191,3.08706753955121e-05,0.00206833525149931,0.00206833525149931,"Activated","http://www.genome.jp/dbget-bin/show_pathway?mmu04512+12826+12827+12829+81877+21825+20969+16421","DRvsHFD"
"DRvsHFD.2","Circadian rhythm - mammal","04710",22,3,0.000935011693329653,1.13521762082961,0.025,0.000272645458804307,0.0091336228699443,0.0182672457398886,"Activated","http://www.genome.jp/dbget-bin/show_pathway?mmu04710+217166+18627+18628","DRvsHFD"
"DRvsHFD.3","Focal adhesion","04510",201,7,0.00216357400699637,1.51412355675741,0.251,0.00462592098768615,0.103312235391657,0.309936706174972,"Activated","http://www.genome.jp/dbget-bin/show_pathway?mmu04510+16421+12826+12827+12829+21825+81877+215449","DRvsHFD"
"DRvsHFD.4","Amoebiasis","05146",115,5,0.00364396562526741,0.353251482890062,0.355,0.00989651388898401,0.154675890566399,0.663066430561928,"Activated","http://www.genome.jp/dbget-bin/show_pathway?mmu05146+15507+14675+12826+12827+12829","DRvsHFD"
"DRvsHFD.5","Small cell lung cancer","05222",83,3,0.0376739095919103,1.66885643282577,0.041,0.0115429769079402,0.154675890566399,0.773379452831996,"Activated","http://www.genome.jp/dbget-bin/show_pathway?mmu05222+12826+12827+12829","DRvsHFD"
"DRvsHFD.6","Salmonella infection","05132",77,4,0.00490802563387069,-0.17159588783051,0.72,0.0234833275219481,0.262230490661754,1,"Inhibited","http://www.genome.jp/dbget-bin/show_pathway?mmu05132+16803+16593+74764+320795","DRvsHFD"
"DRvsHFD.7","MAPK signaling pathway","04010",267,7,0.0099899936960366,-0.408803163294149,0.439,0.0281969423561067,0.269885019694164,1,"Inhibited","http://www.genome.jp/dbget-bin/show_pathway?mmu04010+19252+17762+215449+15370+12531+15507+16478","DRvsHFD"
"DRvsHFD.8","TGF-beta signaling pathway","04350",85,3,0.0399881003270926,0.895092292701173,0.18,0.0427118866629048,0.357712050801828,1,"Activated","http://www.genome.jp/dbget-bin/show_pathway?mmu04350+21825+75788+13179","DRvsHFD"
"DRvsHFD.9","Salivary secretion","04970",77,2,0.149293195685715,-0.536272809126346,0.066,0.0553752772740528,0.412238175262393,1,"Inhibited","http://www.genome.jp/dbget-bin/show_pathway?mmu04970+11555+20544","DRvsHFD"
"DRvsHFD.10","Prion diseases","05020",35,1,0.268153920798489,0.59802922141172,0.101,0.124823429363544,0.834038463218934,1,"Activated","http://www.genome.jp/dbget-bin/show_pathway?mmu05020+13653","DRvsHFD"
"DRvsHFD.11","Long-term potentiation","04720",69,1,0.459869836023925,-1.23710148718843,0.071,0.144377970342736,0.834038463218934,1,"Inhibited","http://www.genome.jp/dbget-bin/show_pathway?mmu04720+215449","DRvsHFD"
"DRvsHFD.12","Notch signaling pathway","04330",49,2,0.0702100532444321,0.471454742182228,0.486,0.149380023263093,0.834038463218934,1,"Activated","http://www.genome.jp/dbget-bin/show_pathway?mmu04330+11491+80904","DRvsHFD"
"DRvsHFD.13","Axon guidance","04360",131,3,0.111105636563398,-0.34830747526037,0.482,0.210306857135794,0.973472001021909,1,"Inhibited","http://www.genome.jp/dbget-bin/show_pathway?mmu04360+226251+14270+17974","DRvsHFD"
"DRvsHFD.14","Wnt signaling pathway","04310",154,2,0.397540030302392,-0.545150771068916,0.149,0.226643146399402,0.973472001021909,1,"Inhibited","http://www.genome.jp/dbget-bin/show_pathway?mmu04310+225849+54612","DRvsHFD"
"DRvsHFD.15","Malaria","05144",46,2,0.0628538062302827,0,1,0.236766754757474,0.973472001021909,1,"Inhibited","http://www.genome.jp/dbget-bin/show_pathway?mmu05144+20969+21825","DRvsHFD"
"DRvsHFD.16","Acute myeloid leukemia","05221",57,1,0.398711204440627,0.308544787235533,0.167,0.246981519224792,0.973472001021909,1,"Activated","http://www.genome.jp/dbget-bin/show_pathway?mmu05221+235320","DRvsHFD"
"DRvsHFD.17","Leukocyte transendothelial migration","04670",119,3,0.0895226578469756,-0.214430924445995,0.777,0.254974357110492,0.973472001021909,1,"Inhibited","http://www.genome.jp/dbget-bin/show_pathway?mmu04670+12737+20469+215449","DRvsHFD"
"DRvsHFD.18","Serotonergic synapse","04726",137,1,0.706222852268413,-0.327612237793685,0.102,0.261529791319319,0.973472001021909,1,"Inhibited","http://www.genome.jp/dbget-bin/show_pathway?mmu04726+19252","DRvsHFD"
"DRvsHFD.19","Sulfur relay system","04122",10,1,0.0852853549391371,0,1,0.295236793070266,0.977771471080891,1,"Inhibited","http://www.genome.jp/dbget-bin/show_pathway?mmu04122+72026","DRvsHFD"
"DRvsHFD.20","Complement and coagulation cascades","04610",76,2,0.14622478447975,-0.574129852565558,0.589,0.297303099679591,0.977771471080891,1,"Inhibited","http://www.genome.jp/dbget-bin/show_pathway?mmu04610+21824+12628","DRvsHFD"
"DRvsHFD.21","mTOR signaling pathway","04150",65,1,0.440204251361714,-0.160602505367107,0.206,0.308354928067216,0.977771471080891,1,"Inhibited","http://www.genome.jp/dbget-bin/show_pathway?mmu04150+78757","DRvsHFD"
"DRvsHFD.22","Staphylococcus aureus infection","05150",51,1,0.365596543803476,-0.336437282913174,0.284,0.339003667305993,0.977771471080891,1,"Inhibited","http://www.genome.jp/dbget-bin/show_pathway?mmu05150+12628","DRvsHFD"
"DRvsHFD.23","Bile secretion","04976",71,2,0.131094379238877,0,1,0.397456889490446,0.977771471080891,1,"Inhibited","http://www.genome.jp/dbget-bin/show_pathway?mmu04976+20544+20525","DRvsHFD"
"DRvsHFD.24","Renal cell carcinoma","05211",71,2,0.131094379238877,0,1,0.397456889490446,0.977771471080891,1,"Inhibited","http://www.genome.jp/dbget-bin/show_pathway?mmu05211+20525+215449","DRvsHFD"
"DRvsHFD.25","Chemokine signaling pathway","04062",184,1,0.807373507714621,-0.671569378759436,0.17,0.409828745466273,0.977771471080891,1,"Inhibited","http://www.genome.jp/dbget-bin/show_pathway?mmu04062+215449","DRvsHFD"
"DRvsHFD.26","Cocaine addiction","05030",49,1,0.354160084469603,2.77555756156289e-17,0.401,0.419209319403401,0.977771471080891,1,"Activated","http://www.genome.jp/dbget-bin/show_pathway?mmu05030+67839","DRvsHFD"
"DRvsHFD.27","PPAR signaling pathway","03320",81,2,0.161692023776681,0,1,0.456304890279516,0.977771471080891,1,"Inhibited","http://www.genome.jp/dbget-bin/show_pathway?mmu03320+26457+104086","DRvsHFD"
"DRvsHFD.28","Progesterone-mediated oocyte maturation","04914",86,1,0.53606388931479,-0.135551976817473,0.329,0.482393505757164,0.977771471080891,1,"Inhibited","http://www.genome.jp/dbget-bin/show_pathway?mmu04914+12531","DRvsHFD"
"DRvsHFD.29","ErbB signaling pathway","04012",87,1,0.540196999138947,0.249256009177808,0.348,0.502187776077882,0.977771471080891,1,"Activated","http://www.genome.jp/dbget-bin/show_pathway?mmu04012+17974","DRvsHFD"
"DRvsHFD.30","Alzheimer's disease","05010",171,3,0.194445813701623,0,1,0.512870618019591,0.977771471080891,1,"Inhibited","http://www.genome.jp/dbget-bin/show_pathway?mmu05010+11487+11491+17762","DRvsHFD"
"DRvsHFD.31","Chagas disease (American trypanosomiasis)","05142",100,1,0.59070903221499,0.333031192875337,0.332,0.515597585907856,0.977771471080891,1,"Activated","http://www.genome.jp/dbget-bin/show_pathway?mmu05142+14675","DRvsHFD"
"DRvsHFD.32","Transcriptional misregulation in cancer","05202",174,3,0.201233617200785,0,1,0.523869216048883,0.977771471080891,1,"Inhibited","http://www.genome.jp/dbget-bin/show_pathway?mmu05202+235320+18627+16421","DRvsHFD"
"DRvsHFD.33","Neurotrophin signaling pathway","04722",122,1,0.663927804817513,-0.395742083121676,0.342,0.563690660818587,0.977771471080891,1,"Inhibited","http://www.genome.jp/dbget-bin/show_pathway?mmu04722+215449","DRvsHFD"
"DRvsHFD.34","Regulation of actin cytoskeleton","04810",215,2,0.570865293058637,0.421816796891843,0.399,0.564745019683712,0.977771471080891,1,"Activated","http://www.genome.jp/dbget-bin/show_pathway?mmu04810+20544+16421","DRvsHFD"
"DRvsHFD.35","Dopaminergic synapse","04728",132,1,0.692748399608403,-0.134578416724465,0.34,0.576093270272936,0.977771471080891,1,"Inhibited","http://www.genome.jp/dbget-bin/show_pathway?mmu04728+225849","DRvsHFD"
"DRvsHFD.36","Pancreatic secretion","04972",105,2,0.238929666120207,0,1,0.580978044114737,0.977771471080891,1,"Inhibited","http://www.genome.jp/dbget-bin/show_pathway?mmu04972+20544+215449","DRvsHFD"
"DRvsHFD.37","Calcium signaling pathway","04020",184,2,0.48730188959066,-0.203241616251009,0.621,0.664328236711151,0.977771471080891,1,"Inhibited","http://www.genome.jp/dbget-bin/show_pathway?mmu04020+14675+11555","DRvsHFD"
"DRvsHFD.38","Glutamatergic synapse","04724",125,2,0.304586101388806,0,1,0.666678506041221,0.977771471080891,1,"Inhibited","http://www.genome.jp/dbget-bin/show_pathway?mmu04724+14809+14660","DRvsHFD"
"DRvsHFD.39","Oocyte meiosis","04114",111,1,0.629111360941398,0.211480369138445,0.486,0.668057703372305,0.977771471080891,1,"Activated","http://www.genome.jp/dbget-bin/show_pathway?mmu04114+225849","DRvsHFD"
"DRvsHFD.40","Bladder cancer","05219",42,1,0.312493504121125,0,1,0.675977072309987,0.977771471080891,1,"Inhibited","http://www.genome.jp/dbget-bin/show_pathway?mmu05219+21825","DRvsHFD"
"DRvsHFD.41","Intestinal immune network for IgA production","04672",46,1,0.336619775405845,0,1,0.703131807133538,0.977771471080891,1,"Inhibited","http://www.genome.jp/dbget-bin/show_pathway?mmu04672+16421","DRvsHFD"
"DRvsHFD.42","Tight junction","04530",135,2,0.337123670381151,0,1,0.703680071652998,0.977771471080891,1,"Inhibited","http://www.genome.jp/dbget-bin/show_pathway?mmu04530+12737+14924","DRvsHFD"
"DRvsHFD.43","Jak-STAT signaling pathway","04630",156,2,0.403760061294958,0,1,0.769943984605501,0.977771471080891,1,"Inhibited","http://www.genome.jp/dbget-bin/show_pathway?mmu04630+24063+114715","DRvsHFD"
"DRvsHFD.44","Protein processing in endoplasmic reticulum","04141",165,2,0.431361483314952,0,1,0.79405402827526,0.977771471080891,1,"Inhibited","http://www.genome.jp/dbget-bin/show_pathway?mmu04141+57743+22230","DRvsHFD"
"DRvsHFD.45","HTLV-I infection","05166",276,3,0.444277196502442,0,1,0.804722215991848,0.977771471080891,1,"Inhibited","http://www.genome.jp/dbget-bin/show_pathway?mmu05166+20525+13653+60599","DRvsHFD"
"DRvsHFD.46","p53 signaling pathway","04115",67,1,0.450124485897986,0,1,0.809427849028599,0.977771471080891,1,"Inhibited","http://www.genome.jp/dbget-bin/show_pathway?mmu04115+21825","DRvsHFD"
"DRvsHFD.47","Adipocytokine signaling pathway","04920",70,1,0.464677889951557,0,1,0.82081205411712,0.977771471080891,1,"Inhibited","http://www.genome.jp/dbget-bin/show_pathway?mmu04920+20525","DRvsHFD"
"DRvsHFD.48","RNA degradation","03018",73,1,0.478848097288705,0,1,0.831458359682229,0.977771471080891,1,"Inhibited","http://www.genome.jp/dbget-bin/show_pathway?mmu03018+13807","DRvsHFD"
"DRvsHFD.49","Gastric acid secretion","04971",74,1,0.483488087377853,0,1,0.834852709540438,0.977771471080891,1,"Inhibited","http://www.genome.jp/dbget-bin/show_pathway?mmu04971+20544","DRvsHFD"
"DRvsHFD.50","Arrhythmogenic right ventricular cardiomyopathy (ARVC)","05412",74,1,0.483488087377853,0,1,0.834852709540438,0.977771471080891,1,"Inhibited","http://www.genome.jp/dbget-bin/show_pathway?mmu05412+16421","DRvsHFD"
"DRvsHFD.51","VEGF signaling pathway","04370",76,1,0.492645145365964,0,1,0.841421232437006,0.977771471080891,1,"Inhibited","http://www.genome.jp/dbget-bin/show_pathway?mmu04370+15507","DRvsHFD"
"DRvsHFD.52","Herpes simplex infection","05168",196,2,0.520833654605554,0,1,0.860586243969534,0.977771471080891,1,"Inhibited","http://www.genome.jp/dbget-bin/show_pathway?mmu05168+18627+18628","DRvsHFD"
"DRvsHFD.53","Epstein-Barr virus infection","05169",203,2,0.539710520881126,0,1,0.8725620646634,0.977771471080891,1,"Inhibited","http://www.genome.jp/dbget-bin/show_pathway?mmu05169+15507+54194","DRvsHFD"
"DRvsHFD.54","GABAergic synapse","04727",88,1,0.544293481045365,0,1,0.875369075356979,0.977771471080891,1,"Inhibited","http://www.genome.jp/dbget-bin/show_pathway?mmu04727+14660","DRvsHFD"
"DRvsHFD.55","Fc gamma R-mediated phagocytosis","04666",89,1,0.548353657921923,0,1,0.877823639704756,0.977771471080891,1,"Inhibited","http://www.genome.jp/dbget-bin/show_pathway?mmu04666+67916","DRvsHFD"
"DRvsHFD.56","Dilated cardiomyopathy","05414",89,1,0.548353657921923,0,1,0.877823639704756,0.977771471080891,1,"Inhibited","http://www.genome.jp/dbget-bin/show_pathway?mmu05414+16421","DRvsHFD"
"DRvsHFD.57","NF-kappa B signaling pathway","04064",94,1,0.568121071119828,0,1,0.889348501650672,0.977771471080891,1,"Inhibited","http://www.genome.jp/dbget-bin/show_pathway?mmu04064+16803","DRvsHFD"
"DRvsHFD.58","GnRH signaling pathway","04912",99,1,0.587027692429554,0,1,0.899727531470932,0.977771471080891,1,"Inhibited","http://www.genome.jp/dbget-bin/show_pathway?mmu04912+17387","DRvsHFD"
"DRvsHFD.59","Toll-like receptor signaling pathway","04620",100,1,0.59070903221499,0,1,0.90167700057142,0.977771471080891,1,"Inhibited","http://www.genome.jp/dbget-bin/show_pathway?mmu04620+16803","DRvsHFD"
"DRvsHFD.60","T cell receptor signaling pathway","04660",109,1,0.62240612527312,0,1,0.917527747732556,0.977771471080891,1,"Inhibited","http://www.genome.jp/dbget-bin/show_pathway?mmu04660+17974","DRvsHFD"
"DRvsHFD.61","Osteoclast differentiation","04380",121,1,0.660901858226617,0,1,0.934614313143663,0.977771471080891,1,"Inhibited","http://www.genome.jp/dbget-bin/show_pathway?mmu04380+16478","DRvsHFD"
"DRvsHFD.62","Cell cycle","04110",123,1,0.666926890935341,0,1,0.937082199819111,0.977771471080891,1,"Inhibited","http://www.genome.jp/dbget-bin/show_pathway?mmu04110+12531","DRvsHFD"
"DRvsHFD.63","Hepatitis C","05160",134,1,0.698210412985994,0,1,0.949031870370362,0.977771471080891,1,"Inhibited","http://www.genome.jp/dbget-bin/show_pathway?mmu05160+12737","DRvsHFD"
"DRvsHFD.64","Neuroactive ligand-receptor interaction","04080",279,2,0.711027877221741,0,1,0.953519413661909,0.977771471080891,1,"Inhibited","http://www.genome.jp/dbget-bin/show_pathway?mmu04080+14809+11555","DRvsHFD"
"DRvsHFD.65","RNA transport","03013",164,1,0.769449056697833,0,1,0.971106674067309,0.977771471080891,1,"Inhibited","http://www.genome.jp/dbget-bin/show_pathway?mmu03013+13682","DRvsHFD"
"DRvsHFD.66","Influenza A","05164",164,1,0.769449056697833,0,1,0.971106674067309,0.977771471080891,1,"Inhibited","http://www.genome.jp/dbget-bin/show_pathway?mmu05164+54196","DRvsHFD"
"DRvsHFD.67","Tuberculosis","05152",178,1,0.79669920527491,0,1,0.977771471080891,0.977771471080891,1,"Inhibited","http://www.genome.jp/dbget-bin/show_pathway?mmu05152+16803","DRvsHFD"
